t_s,v_gnss,v_raw,sigma,still,v_model,phase
3.5931,0.0000,0.0000,0.0679,0,0.0000,0
3.6931,0.0000,0.0194,0.0718,0,0.0018,0
3.7931,0.0000,0.0153,0.0652,0,0.0031,0
3.8931,0.0000,0.0114,0.0765,0,0.0039,0
3.9931,0.0000,0.0247,0.0794,0,0.0059,0
4.0931,0.0000,0.0337,0.0848,0,0.0085,0
4.1931,0.0000,0.0000,0.0861,0,0.0077,0
4.2931,0.0000,0.0344,0.0886,0,0.0103,0
4.3931,0.0000,0.0000,0.0868,0,0.0093,0
4.4931,0.0000,0.0158,0.0920,0,0.0099,0
4.5931,0.0000,0.0000,0.0920,0,0.0090,0
4.6931,0.0000,0.0000,0.1080,0,0.0081,0
4.7931,0.0000,0.0265,0.0994,0,0.0099,0
4.8931,0.0000,0.0151,0.1024,0,0.0104,0
4.9931,0.0000,0.0000,0.0985,0,0.0094,0
5.0931,0.0000,0.0000,0.1038,0,0.0085,0
5.1931,0.0000,0.0000,0.0935,0,0.0077,0
5.2931,0.0000,0.0135,0.0898,0,0.0082,0
5.3931,0.0000,0.0000,0.0925,0,0.0074,0
5.4931,0.0000,0.0000,0.0926,0,0.0067,0
5.5931,0.0000,0.0017,0.0839,0,0.0063,0
5.6931,0.0000,0.0000,0.0739,0,0.0057,0
5.7931,0.0000,0.0000,0.0791,0,0.0051,0
5.8931,0.0000,0.0000,0.0733,1,0.0000,0
5.9931,0.0000,0.0000,0.0721,1,0.0000,0
6.0931,0.0000,0.0000,0.0670,1,0.0000,0
6.1931,0.0000,0.0000,0.0741,1,0.0000,0
6.2931,0.0000,0.0000,0.0705,1,0.0000,0
6.3931,0.0000,0.0029,0.0653,1,0.0000,0
6.4931,0.0000,0.0000,0.0588,1,0.0000,0
6.5931,0.0000,0.0000,0.0620,1,0.0000,0
6.6931,0.0000,0.0000,0.0602,1,0.0000,0
6.7931,0.0000,0.0000,0.0571,1,0.0000,0
6.8931,0.0000,0.0000,0.0510,1,0.0000,0
6.9931,0.0000,0.0019,0.0499,1,0.0000,0
7.0931,0.0000,0.0000,0.0498,1,0.0000,0
7.1931,0.0000,0.0000,0.0498,1,0.0000,0
7.2931,0.0000,0.0000,0.0498,1,0.0000,0
7.3931,0.0000,0.0000,0.0498,1,0.0000,0
7.4931,0.0000,0.0000,0.0498,1,0.0000,0
7.5931,0.0000,0.0051,0.0498,1,0.0000,0
7.6931,0.0000,0.0000,0.0498,1,0.0000,0
7.7931,0.0000,0.0093,0.0498,1,0.0000,0
7.8931,0.0000,0.0066,0.0498,1,0.0000,0
7.9931,0.0000,0.0015,0.0498,1,0.0000,0
8.0931,0.0000,0.0040,0.0498,1,0.0000,0
8.1931,0.0000,0.0046,0.0498,1,0.0000,0
8.2931,0.0000,0.0002,0.0498,1,0.0000,0
8.3931,0.0000,0.0059,0.0498,1,0.0000,0
8.4931,0.0000,0.0078,0.0498,1,0.0000,0
8.5931,0.0000,0.0049,0.0498,1,0.0000,0
8.6931,0.0000,0.0026,0.0498,1,0.0000,0
8.7931,0.0000,0.0048,0.0498,1,0.0000,0
8.8931,0.0000,0.0046,0.0498,1,0.0000,0
8.9931,0.0000,0.0065,0.0498,1,0.0000,0
9.0931,0.0000,0.0043,0.0498,1,0.0000,0
9.1931,0.0000,0.0031,0.0498,1,0.0000,0
9.2931,0.0000,0.0056,0.0498,1,0.0000,0
9.3931,0.0000,0.0038,0.0498,1,0.0000,0
9.4931,0.0000,0.0066,0.0498,1,0.0000,0
9.5931,0.0000,0.0061,0.0498,1,0.0000,0
9.6931,0.0000,0.0047,0.0498,1,0.0000,0
9.7931,0.0000,0.0042,0.0498,1,0.0000,0
9.8931,0.0000,0.0019,0.0498,1,0.0000,0
9.9931,0.0000,0.0037,0.0498,1,0.0000,0
10.0931,0.0000,0.0046,0.0498,1,0.0000,0
10.1931,0.0000,0.0069,0.0498,1,0.0000,0
10.2931,0.0000,0.0073,0.0498,1,0.0000,0
10.3931,0.0000,0.0056,0.0498,1,0.0000,0
10.4931,0.0000,0.0053,0.0498,1,0.0000,0
10.5931,0.0000,0.0069,0.0498,1,0.0000,0
10.6931,0.0000,0.0062,0.0498,1,0.0000,0
10.7931,0.0000,0.0057,0.0498,1,0.0000,0
10.8931,0.0000,0.0037,0.0498,1,0.0000,0
10.9931,0.0000,0.0028,0.0498,1,0.0000,0
11.0931,0.0000,0.0047,0.0498,1,0.0000,0
11.1931,0.0000,0.0009,0.0498,1,0.0000,0
11.2931,0.0000,0.0037,0.0498,1,0.0000,0
11.3931,0.0000,0.0033,0.0498,1,0.0000,0
11.4931,0.0000,0.0028,0.0498,1,0.0000,0
11.5931,0.0000,0.0036,0.0498,1,0.0000,0
11.6931,0.0000,0.0031,0.0498,1,0.0000,0
11.7931,0.0000,0.0034,0.0498,1,0.0000,0
11.8931,0.0000,0.0007,0.0498,1,0.0000,0
11.9931,0.0000,0.0035,0.0498,1,0.0000,0
12.0931,0.0000,0.0047,0.0498,1,0.0000,0
12.1931,0.0000,0.0058,0.0498,1,0.0000,0
12.2931,0.0000,0.0033,0.0498,1,0.0000,0
12.3931,0.0000,0.0011,0.0498,1,0.0000,0
12.4931,0.0000,0.0033,0.0498,1,0.0000,0
12.5931,0.0000,0.0040,0.0498,1,0.0000,0
12.6931,0.0000,0.0012,0.0498,1,0.0000,0
12.7931,0.0000,0.0034,0.0498,1,0.0000,0
12.8931,0.0000,0.0030,0.0498,1,0.0000,0
12.9931,0.0000,0.0033,0.0498,1,0.0000,0
13.0931,0.0000,0.0029,0.0498,1,0.0000,0
13.1931,0.0000,0.0027,0.0498,1,0.0000,0
13.2931,0.0000,0.0015,0.0498,1,0.0000,0
13.3931,0.0000,0.0020,0.0498,1,0.0000,0
13.4931,0.0000,0.0041,0.0498,1,0.0000,0
13.5931,0.0000,0.0036,0.0498,1,0.0000,0
13.6931,0.0000,0.0023,0.0498,1,0.0000,0
13.7931,0.0000,0.0026,0.0498,1,0.0000,0
13.8931,0.0000,0.0040,0.0498,1,0.0000,0
13.9931,0.0000,0.0020,0.0498,1,0.0000,0
14.0931,0.0000,0.0017,0.0498,1,0.0000,0
14.1931,0.0000,0.0039,0.0498,1,0.0000,0
14.2931,0.0000,0.0048,0.0498,1,0.0000,0
14.3931,0.0000,0.0044,0.0498,1,0.0000,0
14.4931,0.0000,0.0092,0.0498,0,0.0009,0
17.5931,1.5561,1.6532,0.3441,0,1.5787,1
17.6931,1.7134,1.8116,0.3344,0,1.6009,1
17.7931,1.8707,2.0200,0.3364,0,1.6408,1
17.8931,2.0280,1.9837,0.3937,0,1.6734,1
17.9931,2.1853,2.0009,0.3354,0,1.7046,1
18.0931,2.3426,2.0193,0.3736,0,1.7345,1
18.1931,2.4026,2.1597,0.3649,0,1.7750,1
18.2931,2.4504,2.3518,0.3768,0,1.8299,1
18.3931,2.4982,2.1317,0.3633,0,1.8586,1
18.4931,2.5461,2.3762,0.3783,0,1.9079,1
18.5931,2.5939,2.4464,0.3803,0,1.9591,1
18.6931,2.6418,2.6436,0.4221,0,2.0242,1
18.7931,2.6896,2.4920,0.3539,0,2.0688,1
18.8931,2.7375,2.7680,0.3607,0,2.1353,1
18.9931,2.7853,2.7234,0.3464,0,2.1913,1
19.0931,2.8331,2.9519,0.3448,0,2.2637,1
19.1931,2.8554,2.6789,0.3181,0,2.3032,1
19.2931,2.8734,3.0196,0.2931,0,2.3714,1
19.3931,2.8914,2.8896,0.3140,0,2.4207,1
19.4931,2.9094,3.2010,0.3088,0,2.4949,1
19.5931,2.9274,3.0011,0.2654,0,2.5431,1
19.6931,2.9454,3.2320,0.2661,0,2.6087,1
19.7931,2.9634,3.1296,0.2586,0,2.6582,1
19.8931,2.9814,3.3426,0.2683,0,2.7234,1
19.9931,2.9994,3.1202,0.2526,0,2.7611,1
20.0931,3.0174,3.2580,0.2372,0,2.8084,1
20.1931,3.0286,3.0509,0.2479,0,2.8315,1
20.2931,3.0386,3.2573,0.2348,0,2.8720,1
20.3931,3.0486,3.2160,0.2123,0,2.9047,1
20.4931,3.0586,3.3253,0.2235,0,2.9448,1
20.5931,3.0686,3.2583,0.2102,0,2.9746,1
20.6931,3.0786,3.2147,0.2111,0,2.9974,1
20.7931,3.0886,3.2355,0.2047,0,3.0201,1
20.8931,3.0986,3.4266,0.1691,0,3.0588,1
20.9931,3.1087,3.1943,0.1847,0,3.0717,1
21.0931,3.1187,3.2719,0.1738,0,3.0907,1
21.1931,3.1539,3.2355,0.1750,0,3.1045,1
21.2931,3.1931,3.2306,0.1814,0,3.1165,1
21.3931,3.2323,3.2847,0.1722,0,3.1325,1
21.4931,3.2714,3.3062,0.1741,0,3.1490,1
21.5931,3.3106,3.3798,0.1727,0,3.1710,1
21.6931,3.3498,3.3631,0.1556,0,3.1893,1
21.7931,3.3889,3.2995,0.1667,0,3.1998,1
21.8931,3.4281,3.3210,0.1501,0,3.2113,1
21.9931,3.4672,3.2387,0.1634,0,3.2139,1
22.0931,3.5064,3.3073,0.1613,0,3.2228,1
22.1931,3.5172,3.3788,0.1539,0,3.2376,1
22.2931,3.5252,3.3301,0.1525,0,3.2464,1
22.3931,3.5332,3.3912,0.1530,0,3.2602,1
22.4931,3.5411,3.4236,0.1498,0,3.2758,1
22.5931,3.5491,3.4858,0.1560,0,3.2957,1
22.6931,3.5571,3.4689,0.1512,0,3.3122,1
22.7931,3.5650,3.4735,0.1440,0,3.3276,1
22.8931,3.5730,3.4148,0.1401,0,3.3359,1
22.9931,3.5809,3.4643,0.1303,0,3.3481,1
23.0931,3.5889,3.4613,0.1334,0,3.3589,1
23.1931,3.5944,3.4892,0.1290,0,3.3713,1
23.2931,3.5994,3.4774,0.1359,0,3.3814,1
23.3931,3.6045,3.5602,0.1445,0,3.3984,1
23.4931,3.6095,3.5444,0.1364,0,3.4123,1
23.5931,3.6146,3.5637,0.1351,0,3.4267,1
23.6931,3.6196,3.5690,0.1342,0,3.4402,1
23.7931,3.6247,3.5889,0.1317,0,3.4544,1
23.8931,3.6297,3.5751,0.1341,0,3.4659,1
23.9931,3.6348,3.6223,0.1314,0,3.4808,1
24.0931,3.6398,3.6037,0.1359,0,3.4925,1
24.1931,3.6572,3.6219,0.1461,0,3.5048,1
24.2931,3.6750,3.6450,0.1350,0,3.5181,1
24.3931,3.6928,3.7358,0.1357,0,3.5388,1
24.4931,3.7107,3.6824,0.1410,0,3.5525,1
24.5931,3.7285,3.7298,0.1360,0,3.5694,1
24.6931,3.7463,3.6928,0.1380,0,3.5811,1
24.7931,3.7641,3.8134,0.1299,0,3.6032,1
24.8931,3.7819,3.7143,0.1335,0,3.6138,1
24.9931,3.7997,3.8191,0.1338,0,3.6333,1
25.0931,3.8175,3.7393,0.1263,0,3.6434,1
25.1931,3.8530,3.7871,0.1337,0,3.6571,1
25.2931,3.8913,3.7676,0.1439,0,3.6676,1
25.3931,3.9296,3.8876,0.1472,0,3.6885,1
25.4931,3.9679,3.8764,0.1446,0,3.7064,1
25.5931,4.0062,3.9463,0.1441,0,3.7292,1
25.6931,4.0444,3.8374,0.1509,0,3.7395,1
25.7931,4.0827,4.0746,0.1319,0,3.7714,1
25.8931,4.1210,4.0557,0.1411,0,3.7985,1
25.9931,4.1593,4.0401,0.1353,0,3.8215,1
26.0931,4.1976,3.9819,0.1379,0,3.8367,1
26.1931,4.1690,4.0005,0.1345,0,3.8523,1
26.2931,4.1359,3.9269,0.1330,0,3.8594,1
26.3931,4.1028,4.0253,0.1245,0,3.8752,1
26.4931,4.0697,3.9895,0.1298,0,3.8861,1
26.5931,4.0365,4.0317,0.1229,0,3.8999,1
26.6931,4.0034,3.9317,0.1260,0,3.9030,1
26.7931,3.9703,3.9282,0.1229,0,3.9054,1
26.8931,3.9372,4.0571,0.1259,0,3.9198,1
26.9931,3.9041,4.0270,0.1287,0,3.9300,1
27.0931,3.8710,3.9916,0.1253,0,3.9359,1
27.1931,3.8807,3.9329,0.1302,0,3.9356,1
27.2931,3.8917,3.9731,0.1352,0,3.9392,1
27.3931,3.9027,4.1198,0.1349,0,3.9563,1
27.4931,3.9137,4.0029,0.1336,0,3.9608,1
27.5931,3.9247,4.0083,0.1293,0,3.9653,1
27.6931,3.9357,4.0287,0.1143,0,3.9713,1
27.7931,3.9467,4.0601,0.1147,0,3.9798,1
27.8931,3.9577,3.9652,0.1117,0,3.9784,1
27.9931,3.9687,3.9623,0.1075,0,3.9769,1
28.0931,3.9797,3.9287,0.1146,0,3.9723,1
28.1931,3.9790,3.9614,0.1146,0,3.9712,1
28.2931,3.9780,3.8971,0.1094,0,3.9642,1
28.3931,3.9770,3.9066,0.1106,0,3.9587,1
28.4931,3.9760,3.8870,0.1128,0,3.9519,1
28.5931,3.9751,3.9167,0.1109,0,3.9485,1
28.6931,3.9741,3.8500,0.1174,0,3.9392,1
28.7931,3.9731,3.8328,0.1124,0,3.9290,1
28.8931,3.9721,3.8888,0.1171,0,3.9252,1
28.9931,3.9711,3.8940,0.1162,0,3.9222,1
29.0931,3.9701,3.8318,0.1217,0,3.9136,1
29.1931,3.9626,3.8339,0.1208,0,3.9060,1
29.2931,3.9547,3.7845,0.1181,0,3.8945,1
29.3931,3.9467,3.8240,0.1217,0,3.8878,1
29.4931,3.9388,3.7784,0.1232,0,3.8774,1
29.5931,3.9308,3.8514,0.1109,0,3.8749,1
29.6931,3.9229,3.8236,0.1071,0,3.8700,1
29.7931,3.9149,3.8833,0.1056,0,3.8713,1
29.8931,3.9070,3.8212,0.1116,0,3.8665,1
29.9931,3.8990,3.8867,0.1071,0,3.8684,1
30.0931,3.8911,3.8549,0.1108,0,3.8671,1
30.1931,3.8969,3.8201,0.1126,0,3.8627,1
30.2931,3.9050,3.8185,0.1083,0,3.8585,1
30.3931,3.9130,3.8970,0.1099,0,3.8621,1
30.4931,3.9210,3.9405,0.1050,0,3.8696,1
30.5931,3.9290,3.8132,0.1203,0,3.8642,1
30.6931,3.9371,3.8212,0.1118,0,3.8601,1
30.7931,3.9451,3.9163,0.1065,0,3.8655,1
30.8931,3.9531,3.8974,0.1079,0,3.8685,1
30.9931,3.9611,3.8303,0.1152,0,3.8649,1
31.0931,3.9692,3.8549,0.1111,0,3.8639,1
31.1931,3.9531,3.9547,0.1047,0,3.8726,1
31.2931,3.9341,3.9148,0.1003,0,3.8766,1
31.3931,3.9152,3.8356,0.1157,0,3.8727,1
31.4931,3.8963,3.8448,0.1079,0,3.8700,1
31.5931,3.8774,3.9361,0.1012,0,3.8763,1
31.6931,3.8584,3.8771,0.1007,0,3.8764,1
31.7931,3.8395,3.9785,0.0937,0,3.8861,1
31.8931,3.8206,3.8987,0.1017,0,3.8873,1
31.9931,3.8017,3.9569,0.0977,0,3.8939,1
32.0931,3.7827,3.8916,0.1037,0,3.8937,1
32.1931,3.7895,3.8772,0.1094,0,3.8921,1
32.2931,3.8005,3.8432,0.1040,0,3.8875,1
32.3931,3.8116,3.8936,0.1027,0,3.8881,1
32.4931,3.8227,3.8912,0.1034,0,3.8884,1
32.5931,3.8337,3.8860,0.1038,0,3.8881,1
32.6931,3.8448,3.8887,0.1029,0,3.8882,1
32.7931,3.8559,3.9184,0.0992,0,3.8911,1
32.8931,3.8670,3.8519,0.0993,0,3.8873,1
32.9931,3.8780,3.9148,0.1042,0,3.8899,1
33.0931,3.8891,3.8790,0.1092,0,3.8889,1
33.1931,3.8854,3.9147,0.1033,0,3.8914,1
33.2931,3.8804,3.8938,0.1039,0,3.8916,1
33.3931,3.8754,3.9681,0.0985,0,3.8989,1
33.4931,3.8704,3.9372,0.1010,0,3.9025,1
33.5931,3.8654,3.9015,0.1061,0,3.9024,1
33.6931,3.8604,3.8583,0.1083,0,3.8982,1
33.7931,3.8553,3.9062,0.1088,0,3.8990,1
33.8931,3.8503,3.9489,0.1127,0,3.9037,1
33.9931,3.8453,3.9044,0.1133,0,3.9038,1
34.0931,3.8403,3.9444,0.1191,0,3.9077,1
34.1931,3.8372,3.8428,0.1219,0,3.9015,1
34.2931,3.8342,3.8984,0.1160,0,3.9012,1
34.3931,3.8313,3.8805,0.1168,0,3.8992,1
34.4931,3.8283,3.8296,0.1264,0,3.8926,1
34.5931,3.8253,3.7954,0.1277,0,3.8834,1
34.6931,3.8223,3.8664,0.1301,0,3.8818,1
34.7931,3.8194,3.8151,0.1210,0,3.8754,1
34.8931,3.8164,3.7690,0.1287,0,3.8653,1
34.9931,3.8134,3.8009,0.1213,0,3.8592,1
35.0931,3.8105,3.8738,0.1321,0,3.8606,1
35.1931,3.8125,3.8069,0.1266,0,3.8554,1
35.2931,3.8155,3.7650,0.1380,0,3.8468,1
35.3931,3.8185,3.7616,0.1369,0,3.8387,1
35.4931,3.8216,3.8509,0.1340,0,3.8399,1
35.5931,3.8246,3.8441,0.1364,0,3.8403,1
35.6931,3.8276,3.7502,0.1376,0,3.8317,1
35.7931,3.8306,3.7601,0.1350,0,3.8249,1
35.8931,3.8336,3.8143,0.1333,0,3.8239,1
35.9931,3.8366,3.8538,0.1287,0,3.8267,1
36.0931,3.8396,3.8257,0.1346,0,3.8267,1
36.1931,3.8349,3.8050,0.1335,0,3.8246,1
36.2931,3.8289,3.8211,0.1233,0,3.8243,1
36.3931,3.8229,3.8213,0.1238,0,3.8240,1
36.4931,3.8169,3.6470,0.1241,0,3.8071,1
36.5931,3.8109,3.7560,0.1197,0,3.8023,1
36.6931,3.8049,3.8032,0.1174,0,3.8024,1
36.7931,3.7989,3.7643,0.1202,0,3.7987,1
36.8931,3.7929,3.7123,0.1178,0,3.7905,1
36.9931,3.7869,3.8254,0.1158,0,3.7938,1
37.0931,3.7809,3.8539,0.1084,0,3.7996,1
37.1931,3.7826,3.8390,0.1149,0,3.8033,1
37.2931,3.7856,3.7223,0.1136,0,3.7956,1
37.3931,3.7886,3.8221,0.1108,0,3.7981,1
37.4931,3.7916,3.8705,0.1011,0,3.8050,1
37.5931,3.7946,3.8076,0.1121,0,3.8053,1
37.6931,3.7977,3.7185,0.1081,0,3.7970,1
37.7931,3.8007,3.7867,0.1078,0,3.7960,1
37.8931,3.8037,3.7368,0.1000,0,3.7904,1
37.9931,3.8067,3.7253,0.1035,0,3.7842,1
38.0931,3.8097,3.7283,0.0967,0,3.7789,1
38.1931,3.8235,3.7870,0.1043,0,3.7797,1
38.2931,3.8384,3.8105,0.0965,0,3.7826,1
38.3931,3.8533,3.7790,0.1029,0,3.7823,1
38.4931,3.8682,3.7134,0.1034,0,3.7757,1
38.5931,3.8831,3.8128,0.1015,0,3.7792,1
38.6931,3.8981,3.8498,0.0947,0,3.7859,1
38.7931,3.9130,3.8242,0.1093,0,3.7896,1
38.8931,3.9279,3.8507,0.0917,0,3.7954,1
38.9931,3.9428,3.7928,0.1066,0,3.7951,1
39.0931,3.9577,3.8474,0.0937,0,3.8001,1
39.1931,3.9686,3.8881,0.1014,0,3.8085,1
39.2931,3.9787,3.8977,0.1046,0,3.8170,1
39.3931,3.9888,3.8523,0.1079,0,3.8204,1
39.4931,3.9989,3.7699,0.1014,0,3.8156,1
39.5931,4.0090,3.9079,0.1086,0,3.8243,1
39.6931,4.0192,4.0150,0.0949,0,3.8425,1
39.7931,4.0293,3.8929,0.1196,0,3.8473,1
39.8931,4.0394,3.8330,0.1070,0,3.8459,1
39.9931,4.0495,3.8294,0.1167,0,3.8444,1
40.0931,4.0596,3.8883,0.1070,0,3.8485,1
40.1931,4.0447,3.9031,0.1091,0,3.8537,1
40.2931,4.0289,3.8446,0.1087,0,3.8529,1
40.3931,4.0130,3.8225,0.1142,0,3.8500,1
40.4931,3.9972,3.9278,0.1033,0,3.8574,1
40.5931,3.9813,3.8902,0.1118,0,3.8605,1
40.6931,3.9654,3.8543,0.1082,0,3.8599,1
40.7931,3.9496,3.8773,0.1131,0,3.8616,1
40.8931,3.9337,3.8381,0.1080,0,3.8593,1
40.9931,3.9179,3.8732,0.1064,0,3.8607,1
41.0931,3.9020,3.7543,0.1148,0,3.8505,1
41.1931,3.9088,3.8439,0.1104,0,3.8499,1
41.2931,3.9188,3.8846,0.1137,0,3.8532,1
41.3931,3.9288,3.8663,0.1221,0,3.8545,1
41.4931,3.9389,3.8442,0.1205,0,3.8535,1
41.5931,3.9489,3.8209,0.1254,0,3.8504,1
41.6931,3.9589,3.9296,0.1216,0,3.8579,1
41.7931,3.9690,3.9502,0.1186,0,3.8667,1
41.8931,3.9790,3.9165,0.1221,0,3.8714,1
41.9931,3.9890,3.8755,0.1274,0,3.8718,1
42.0931,3.9991,4.0092,0.1129,0,3.8849,1
42.1931,4.0408,4.0365,0.1200,0,3.8993,1
42.2931,4.0857,4.0293,0.1230,0,3.9117,1
42.3931,4.1307,4.0227,0.1322,0,3.9223,1
42.4931,4.1756,4.1390,0.1324,0,3.9429,1
42.5931,4.2205,4.1668,0.1349,0,3.9642,1
42.6931,4.2655,4.3773,0.1526,0,4.0035,1
42.7931,4.3104,4.3297,0.1584,0,4.0345,1
42.8931,4.3554,4.4912,0.1788,0,4.0780,1
42.9931,4.4003,4.2757,0.1778,0,4.0968,1
43.0931,4.4452,4.5023,0.1942,0,4.1354,1
43.1931,4.4384,4.3786,0.1845,0,4.1585,1
43.2931,4.4254,4.6632,0.1981,0,4.2066,1
43.3931,4.4124,4.4638,0.1949,0,4.2311,1
43.4931,4.3994,4.6099,0.1966,0,4.2671,1
43.5931,4.3864,4.4689,0.1892,0,4.2863,1
43.6931,4.3734,4.7808,0.1968,0,4.3334,1
43.7931,4.3604,4.4544,0.1858,0,4.3449,1
43.8931,4.3473,4.6209,0.2028,0,4.3711,1
43.9931,4.3343,4.3836,0.1929,0,4.3723,1
44.0931,4.3213,4.6384,0.1869,0,4.3976,1
44.1931,4.2849,4.3575,0.2171,0,4.3938,1
44.2931,4.2458,4.5408,0.1980,0,4.4078,1
44.3931,4.2068,4.2945,0.2035,0,4.3970,1
44.4931,4.1677,4.3947,0.2268,0,4.3968,1
44.5931,4.1286,4.2323,0.1951,0,4.3812,1
44.6931,4.0895,4.4139,0.2211,0,4.3843,1
44.7931,4.0504,4.2743,0.1879,0,4.3738,1
44.8931,4.0113,4.2226,0.1872,0,4.3594,1
44.9931,3.9722,4.0844,0.1978,0,4.3332,1
45.0931,3.9331,4.0338,0.1757,0,4.3048,1
45.1931,3.9300,3.9795,0.1600,0,4.2738,1
45.2931,3.9300,4.0128,0.1526,0,4.2490,1
45.3931,3.9300,3.8535,0.1603,0,4.2113,1
45.4931,3.9300,3.9005,0.1448,0,4.1817,1
45.5931,3.9300,3.9884,0.1452,0,4.1633,1
45.6931,3.9300,3.9924,0.1419,0,4.1471,1
45.7931,3.9300,3.8860,0.1532,0,4.1222,1
45.8931,3.9300,3.9257,0.1382,0,4.1035,1
45.9931,3.9300,3.8376,0.1439,0,4.0782,1
46.0931,3.9300,3.8323,0.1335,0,4.0548,1
46.1931,3.9274,3.7706,0.1413,0,4.0278,1
46.2931,3.9244,3.8481,0.1272,0,4.0107,1
46.3931,3.9214,3.8525,0.1291,0,3.9956,1
46.4931,3.9183,3.8007,0.1235,0,3.9771,1
46.5931,3.9153,3.7846,0.1283,0,3.9588,1
46.6931,3.9123,3.8105,0.1246,0,3.9447,1
46.7931,3.9093,3.8368,0.1157,0,3.9344,1
46.8931,3.9062,3.8142,0.1185,0,3.9230,1
46.9931,3.9032,3.8530,0.1099,0,3.9163,1
47.0931,3.9002,3.8323,0.1117,0,3.9083,1
47.1931,3.9187,3.8830,0.1120,0,3.9059,1
47.2931,3.9386,3.8276,0.1178,0,3.8984,1
47.3931,3.9585,3.9140,0.1156,0,3.8999,1
47.4931,3.9784,3.7360,0.1226,0,3.8843,1
47.5931,3.9983,3.8475,0.1153,0,3.8808,1
47.6931,4.0183,3.7567,0.1181,0,3.8690,1
47.7931,4.0382,3.9233,0.1079,0,3.8742,1
47.8931,4.0581,3.8577,0.1125,0,3.8726,1
47.9931,4.0780,3.9027,0.1078,0,3.8755,1
48.0931,4.0979,3.8283,0.1039,0,3.8710,1
48.1931,4.1045,3.7874,0.1084,0,3.8630,1
48.2931,4.1095,3.7517,0.1134,0,3.8524,1
48.3931,4.1146,3.7965,0.1084,0,3.8471,1
48.4931,4.1196,3.8267,0.1092,0,3.8452,1
48.5931,4.1247,3.8342,0.1051,0,3.8441,1
48.6931,4.1297,3.8912,0.1045,0,3.8486,1
48.7931,4.1347,3.9349,0.1070,0,3.8568,1
48.8931,4.1398,3.9561,0.1063,0,3.8663,1
48.9931,4.1448,3.9263,0.1090,0,3.8720,1
49.0931,4.1498,3.8829,0.1060,0,3.8730,1
49.1931,4.1519,3.9464,0.1016,0,3.8800,1
49.2931,4.1539,4.0227,0.1066,0,3.8936,1
49.3931,4.1559,3.9469,0.1096,0,3.8987,1
49.4931,4.1579,3.9740,0.1058,0,3.9058,1
49.5931,4.1599,3.9998,0.1072,0,3.9148,1
49.6931,4.1619,4.0613,0.0967,0,3.9287,1
49.7931,4.1639,4.0542,0.0989,0,3.9407,1
49.8931,4.1659,4.0350,0.1083,0,3.9496,1
49.9931,4.1678,4.0499,0.1005,0,3.9592,1
50.0931,4.1698,4.1008,0.1020,0,3.9727,1
50.1931,4.1755,4.0119,0.1012,0,3.9764,1
50.2931,4.1814,4.0891,0.0981,0,3.9871,1
50.3931,4.1874,4.0101,0.1102,0,3.9893,1
50.4931,4.1934,4.0993,0.0979,0,3.9998,1
50.5931,4.1993,4.0992,0.0969,0,4.0092,1
50.6931,4.2053,4.0567,0.0978,0,4.0137,1
50.7931,4.2113,4.0928,0.1020,0,4.0213,1
50.8931,4.2172,4.0752,0.1030,0,4.0264,1
50.9931,4.2232,4.0592,0.1025,0,4.0295,1
51.0931,4.2292,4.0722,0.0975,0,4.0336,1
51.1931,4.2265,4.1301,0.1044,0,4.0428,1
51.2931,4.2225,4.1446,0.0954,0,4.0525,1
51.3931,4.2184,4.1200,0.1011,0,4.0589,1
51.4931,4.2144,4.0829,0.1009,0,4.0612,1
51.5931,4.2104,4.0249,0.1152,0,4.0577,1
51.6931,4.2063,4.0147,0.1154,0,4.0536,1
51.7931,4.2023,4.0588,0.1133,0,4.0541,1
51.8931,4.1983,3.9820,0.1140,0,4.0473,1
51.9931,4.1942,4.0604,0.1125,0,4.0485,1
52.0931,4.1902,4.0850,0.1162,0,4.0520,1
52.1931,4.1776,4.1022,0.1142,0,4.0568,1
52.2931,4.1646,4.0952,0.1169,0,4.0604,1
52.3931,4.1517,4.0752,0.1204,0,4.0618,1
52.4931,4.1387,3.9890,0.1350,0,4.0549,1
52.5931,4.1257,4.0552,0.1225,0,4.0549,1
52.6931,4.1127,4.0671,0.1287,0,4.0561,1
52.7931,4.0997,4.1577,0.1229,0,4.0658,1
52.8931,4.0867,4.0301,0.1279,0,4.0624,1
52.9931,4.0738,4.1242,0.1159,0,4.0683,1
53.0931,4.0608,4.1216,0.1334,0,4.0733,1
53.1931,4.0750,4.1362,0.1236,0,4.0793,1
53.2931,4.0910,3.9990,0.1463,0,4.0717,1
53.3931,4.1070,4.0664,0.1365,0,4.0712,1
53.4931,4.1230,4.0231,0.1420,0,4.0666,1
53.5931,4.1390,4.1825,0.1327,0,4.0776,1
53.6931,4.1550,4.1147,0.1419,0,4.0812,1
53.7931,4.1710,4.1285,0.1364,0,4.0857,1
53.8931,4.1870,4.0394,0.1514,0,4.0813,1
53.9931,4.2030,4.1561,0.1390,0,4.0884,1
54.0931,4.2190,4.1100,0.1553,0,4.0904,1
54.1931,4.2097,4.1740,0.1422,0,4.0984,1
54.2931,4.1988,4.1579,0.1461,0,4.1041,1
54.3931,4.1879,4.2400,0.1458,0,4.1170,1
54.4931,4.1770,4.2154,0.1388,0,4.1264,1
54.5931,4.1660,4.2237,0.1312,0,4.1356,1
54.6931,4.1551,4.0531,0.1486,0,4.1278,1
54.7931,4.1442,4.1604,0.1333,0,4.1309,1
54.8931,4.1332,4.1526,0.1279,0,4.1329,1
54.9931,4.1223,4.3029,0.1351,0,4.1491,1
55.0931,4.1114,4.0572,0.1355,0,4.1404,1
55.1931,4.1082,4.1294,0.1371,0,4.1393,1
55.2931,4.1062,4.0712,0.1293,0,4.1328,1
55.3931,4.1042,4.2364,0.1230,0,4.1427,1
55.4931,4.1022,4.0215,0.1380,0,4.1312,1
55.5931,4.1002,4.2544,0.1363,0,4.1429,1
55.6931,4.0982,4.1125,0.1327,0,4.1400,1
55.7931,4.0962,4.1992,0.1354,0,4.1456,1
55.8931,4.0941,4.0711,0.1348,0,4.1385,1
55.9931,4.0921,4.1367,0.1444,0,4.1384,1
56.0931,4.0901,4.0117,0.1397,0,4.1263,1
56.1931,4.0862,4.1233,0.1225,0,4.1260,1
56.2931,4.0822,4.0396,0.1333,0,4.1178,1
56.3931,4.0782,4.2477,0.1330,0,4.1302,1
56.4931,4.0742,4.0485,0.1260,0,4.1224,1
56.5931,4.0702,4.0912,0.1289,0,4.1194,1
56.6931,4.0662,3.9512,0.1222,0,4.1034,1
56.7931,4.0622,4.0234,0.1312,0,4.0958,1
56.8931,4.0582,4.0093,0.1297,0,4.0876,1
56.9931,4.0542,3.9729,0.1292,0,4.0767,1
57.0931,4.0502,3.8969,0.1303,0,4.0596,1
57.1931,4.0242,4.0400,0.1297,0,4.0577,1
57.2931,3.9974,3.9197,0.1302,0,4.0446,1
57.3931,3.9706,3.9813,0.1285,0,4.0385,1
57.4931,3.9438,3.9313,0.1260,0,4.0283,1
57.5931,3.9169,4.0235,0.1308,0,4.0279,1
57.6931,3.8901,3.9470,0.1330,0,4.0202,1
57.7931,3.8633,4.0563,0.1319,0,4.0236,1
57.8931,3.8365,4.0189,0.1324,0,4.0232,1
57.9931,3.8097,3.9897,0.1340,0,4.0200,1
58.0931,3.7828,3.9582,0.1309,0,4.0141,1
58.1931,3.7970,3.9397,0.1318,0,4.0070,1
58.2931,3.8160,3.9633,0.1292,0,4.0029,1
58.3931,3.8350,4.0140,0.1380,0,4.0039,1
58.4931,3.8540,3.9388,0.1339,0,3.9977,1
58.5931,3.8730,3.8954,0.1370,0,3.9880,1
58.6931,3.8920,3.9236,0.1354,0,3.9819,1
58.7931,3.9110,3.8678,0.1403,0,3.9710,1
58.8931,3.9300,3.8633,0.1356,0,3.9608,1
58.9931,3.9490,3.9157,0.1378,0,3.9565,1
59.0931,3.9680,3.9063,0.1366,0,3.9517,1
59.1931,3.9466,3.9792,0.1410,0,3.9543,1
59.2931,3.9204,3.8828,0.1393,0,3.9475,1
59.3931,3.8943,3.9101,0.1398,0,3.9439,1
59.4931,3.8681,3.9061,0.1412,0,3.9403,1
59.5931,3.8419,3.9201,0.1390,0,3.9384,1
59.6931,3.8158,3.9152,0.1406,0,3.9362,1
59.7931,3.7896,3.9002,0.1377,0,3.9328,1
59.8931,3.7635,3.9396,0.1409,0,3.9334,1
59.9931,3.7373,3.9788,0.1498,0,3.9378,1
60.0931,3.7111,3.8448,0.1408,0,3.9289,1
60.1931,3.7148,3.7842,0.1382,0,3.9151,1
60.2931,3.7197,3.8448,0.1426,0,3.9084,1
60.3931,3.7247,3.8015,0.1377,0,3.8983,1
60.4931,3.7297,3.8024,0.1447,0,3.8891,1
60.5931,3.7347,3.8654,0.1314,0,3.8869,1
60.6931,3.7397,3.7846,0.1391,0,3.8771,1
60.7931,3.7447,3.8040,0.1373,0,3.8702,1
60.8931,3.7496,3.7315,0.1342,0,3.8570,1
60.9931,3.7546,3.7462,0.1295,0,3.8464,1
61.0931,3.7596,3.7553,0.1341,0,3.8378,1
61.1931,3.7472,3.7053,0.1401,0,3.8252,1
61.2931,3.7333,3.7085,0.1351,0,3.8141,1
61.3931,3.7194,3.6657,0.1226,0,3.7999,1
61.4931,3.7055,3.6714,0.1317,0,3.7877,1
61.5931,3.6916,3.6391,0.1283,0,3.7736,1
61.6931,3.6777,3.6939,0.1299,0,3.7660,1
61.7931,3.6638,3.5979,0.1261,0,3.7500,1
61.8931,3.6499,3.5586,0.1250,0,3.7318,1
61.9931,3.6360,3.4926,0.1360,0,3.7090,1
62.0931,3.6220,3.6186,0.1316,0,3.7004,1
62.1931,3.6088,3.6179,0.1307,0,3.6926,1
62.2931,3.5957,3.5492,0.1369,0,3.6789,1
62.3931,3.5826,3.4330,0.1331,0,3.6555,1
62.4931,3.5695,3.5288,0.1301,0,3.6435,1
62.5931,3.5564,3.5269,0.1345,0,3.6324,1
62.6931,3.5433,3.5552,0.1266,0,3.6250,1
62.7931,3.5302,3.4146,0.1278,0,3.6050,1
62.8931,3.5171,3.5661,0.1238,0,3.6013,1
62.9931,3.5040,3.5139,0.1264,0,3.5930,1
63.0931,3.4909,3.5201,0.1343,0,3.5860,1
63.1931,3.4817,3.4815,0.1360,0,3.5761,1
63.2931,3.4728,3.5950,0.1306,0,3.5779,1
63.3931,3.4638,3.5181,0.1364,0,3.5722,1
63.4931,3.4549,3.5371,0.1342,0,3.5689,1
63.5931,3.4460,3.3840,0.1370,0,3.5513,1
63.6931,3.4370,3.6303,0.1413,0,3.5588,1
63.7931,3.4281,3.6390,0.1586,0,3.5664,1
63.8931,3.4192,3.5716,0.1652,0,3.5669,1
63.9931,3.4102,3.5043,0.1712,0,3.5610,1
64.0931,3.4013,3.7968,0.1812,0,3.5834,1
64.1931,3.3965,3.5904,0.1863,0,3.5841,1
64.2931,3.3925,3.6723,0.1873,0,3.5925,1
64.3931,3.3884,3.6068,0.1696,0,3.5938,1
64.4931,3.3844,3.7401,0.1873,0,3.6078,1
64.5931,3.3803,3.6317,0.1600,0,3.6100,1
64.6931,3.3763,3.5605,0.1720,0,3.6053,1
64.7931,3.3723,3.5445,0.1595,0,3.5995,1
64.8931,3.3682,3.6870,0.1843,0,3.6078,1
64.9931,3.3642,3.5394,0.1592,0,3.6013,1
65.0931,3.3601,3.5601,0.1794,0,3.5974,1
65.1931,3.3648,3.4857,0.1718,0,3.5868,1
65.2931,3.3698,3.6513,0.1794,0,3.5929,1
65.3931,3.3748,3.6022,0.1584,0,3.5938,1
65.4931,3.3798,3.4929,0.1788,0,3.5842,1
65.5931,3.3848,3.4646,0.1652,0,3.5728,1
65.6931,3.3897,3.5740,0.1829,0,3.5729,1
65.7931,3.3947,3.4271,0.1614,0,3.5591,1
65.8931,3.3997,3.4320,0.1736,0,3.5470,1
65.9931,3.4047,3.3741,0.1724,0,3.5305,1
66.0931,3.4097,3.5468,0.1665,0,3.5321,1
66.1931,3.4359,3.4501,0.1443,0,3.5243,1
66.2931,3.4638,3.4414,0.1364,0,3.5164,1
66.3931,3.4917,3.4715,0.1284,0,3.5121,1
66.4931,3.5195,3.4104,0.1340,0,3.5024,1
66.5931,3.5474,3.3383,0.1249,0,3.4868,1
66.6931,3.5753,3.4755,0.1221,0,3.4857,1
66.7931,3.6032,3.3847,0.1212,0,3.4761,1
66.8931,3.6310,3.5251,0.1156,0,3.4808,1
66.9931,3.6589,3.4107,0.1262,0,3.4741,1
67.0931,3.6868,3.6299,0.1192,0,3.4889,1
67.1931,3.7069,3.6394,0.1291,0,3.5033,1
67.2931,3.7261,3.7215,0.1265,0,3.5240,1
67.3931,3.7452,3.5781,0.1328,0,3.5292,1
67.4931,3.7643,3.8220,0.1254,0,3.5570,1
67.5931,3.7835,3.5889,0.1396,0,3.5601,1
67.6931,3.8026,3.8897,0.1335,0,3.5914,1
67.7931,3.8217,3.5514,0.1527,0,3.5876,1
67.8931,3.8409,3.9148,0.1326,0,3.6188,1
67.9931,3.8600,3.6795,0.1433,0,3.6245,1
68.0931,3.8792,3.7594,0.1393,0,3.6374,1
68.1931,3.8648,3.7300,0.1426,0,3.6462,1
68.2931,3.8490,3.9898,0.1506,0,3.6789,1
68.3931,3.8331,3.7111,0.1464,0,3.6820,1
68.4931,3.8172,3.8510,0.1415,0,3.6980,1
68.5931,3.8013,3.7385,0.1455,0,3.7019,1
68.6931,3.7855,3.9907,0.1621,0,3.7294,1
68.7931,3.7696,3.8242,0.1574,0,3.7384,1
68.8931,3.7537,3.9577,0.1482,0,3.7593,1
68.9931,3.7378,3.8802,0.1463,0,3.7708,1
69.0931,3.7219,4.0741,0.1555,0,3.7996,1
69.1931,3.7191,3.6794,0.1618,0,3.7882,1
69.2931,3.7181,3.9187,0.1531,0,3.8006,1
69.3931,3.7171,3.7510,0.1463,0,3.7959,1
69.4931,3.7161,3.8753,0.1619,0,3.8034,1
69.5931,3.7151,3.6902,0.1432,0,3.7927,1
69.6931,3.7141,3.6955,0.1459,0,3.7834,1
69.7931,3.7131,3.7796,0.1355,0,3.7831,1
69.8931,3.7120,3.8133,0.1533,0,3.7859,1
69.9931,3.7110,3.7183,0.1382,0,3.7795,1
70.0931,3.7100,3.7135,0.1299,0,3.7732,1
70.1931,3.6974,3.6706,0.1319,0,3.7635,1
70.2931,3.6845,3.6429,0.1357,0,3.7520,1
70.3931,3.6715,3.7565,0.1298,0,3.7524,1
70.4931,3.6586,3.8015,0.1328,0,3.7571,1
70.5931,3.6457,3.6533,0.1278,0,3.7472,1
70.6931,3.6327,3.7250,0.1300,0,3.7451,1
70.7931,3.6198,3.6581,0.1270,0,3.7368,1
70.8931,3.6068,3.6814,0.1266,0,3.7315,1
70.9931,3.5939,3.6384,0.1330,0,3.7227,1
71.0931,3.5810,3.6471,0.1262,0,3.7155,1
71.1931,3.5754,3.5913,0.1247,0,3.7037,1
71.2931,3.5704,3.5734,0.1294,0,3.6913,1
71.3931,3.5654,3.5663,0.1261,0,3.6794,1
71.4931,3.5604,3.5402,0.1347,0,3.6661,1
71.5931,3.5554,3.5131,0.1372,0,3.6516,1
71.6931,3.5504,3.5385,0.1325,0,3.6408,1
71.7931,3.5454,3.6284,0.1350,0,3.6396,1
71.8931,3.5403,3.5226,0.1404,0,3.6285,1
71.9931,3.5353,3.6153,0.1384,0,3.6272,1
72.0931,3.5303,3.5871,0.1500,0,3.6234,1
72.1931,3.5226,3.5576,0.1479,0,3.6171,1
72.2931,3.5146,3.5107,0.1527,0,3.6070,1
72.3931,3.5067,3.6405,0.1782,0,3.6102,1
72.4931,3.4987,3.5422,0.2022,0,3.6037,1
72.5931,3.4908,3.5685,0.1940,0,3.6004,1
72.6931,3.4828,3.5663,0.2091,0,3.5971,1
72.7931,3.4749,3.5632,0.2037,0,3.5939,1
72.8931,3.4669,3.4906,0.2323,0,3.5841,1
72.9931,3.4590,3.5552,0.2294,0,3.5813,1
73.0931,3.4510,3.6159,0.2278,0,3.5846,1
73.1931,3.4456,3.7815,0.2120,0,3.6033,1
73.2931,3.4406,3.7711,0.2531,0,3.6193,1
73.3931,3.4356,3.6882,0.2491,0,3.6259,1
73.4931,3.4305,3.6990,0.2389,0,3.6328,1
73.5931,3.4255,3.8199,0.2218,0,3.6506,1
73.6931,3.4205,3.6454,0.2808,0,3.6501,1
73.7931,3.4154,3.7937,0.2661,0,3.6638,1
73.8931,3.4104,3.6806,0.2425,0,3.6654,1
73.9931,3.4054,3.9042,0.2046,0,3.6881,1
74.0931,3.4004,3.6519,0.2545,0,3.6847,1
74.1931,3.4074,3.6809,0.2688,0,3.6843,1
74.2931,3.4154,3.6925,0.2297,0,3.6851,1
74.3931,3.4234,3.6619,0.2127,0,3.6829,1
74.4931,3.4314,3.5061,0.2200,0,3.6661,1
74.5931,3.4394,3.6169,0.2174,0,3.6614,1
74.6931,3.4474,3.6227,0.2114,0,3.6577,1
74.7931,3.4553,3.5427,0.1778,0,3.6468,1
74.8931,3.4633,3.5225,0.1637,0,3.6349,1
74.9931,3.4713,3.6079,0.1753,0,3.6324,1
75.0931,3.4793,3.5305,0.1577,0,3.6227,1
75.1931,3.4737,3.5864,0.1452,0,3.6192,1
75.2931,3.4667,3.4421,0.1441,0,3.6024,1
75.3931,3.4598,3.4975,0.1440,0,3.5924,1
75.4931,3.4528,3.4534,0.1382,0,3.5792,1
75.5931,3.4459,3.4461,0.1318,0,3.5665,1
75.6931,3.4389,3.2895,0.1346,0,3.5401,1
75.7931,3.4320,3.3714,0.1305,0,3.5241,1
75.8931,3.4250,3.3284,0.1384,0,3.5055,1
75.9931,3.4181,3.4059,0.1281,0,3.4960,1
76.0931,3.4111,3.3322,0.1368,0,3.4804,1
76.1931,3.4210,3.4486,0.1285,0,3.4774,1
76.2931,3.4340,3.3986,0.1357,0,3.4699,1
76.3931,3.4471,3.4432,0.1261,0,3.4673,1
76.4931,3.4601,3.3482,0.1330,0,3.4560,1
76.5931,3.4732,3.4404,0.1240,0,3.4545,1
76.6931,3.4862,3.2987,0.1382,0,3.4397,1
76.7931,3.4992,3.4691,0.1304,0,3.4425,1
76.8931,3.5123,3.3593,0.1377,0,3.4346,1
76.9931,3.5253,3.4567,0.1327,0,3.4367,1
77.0931,3.5384,3.3844,0.1368,0,3.4317,1
77.1931,3.5418,3.5439,0.1268,0,3.4424,1
77.2931,3.5438,3.4004,0.1361,0,3.4384,1
77.3931,3.5458,3.4976,0.1312,0,3.4440,1
77.4931,3.5478,3.3324,0.1367,0,3.4334,1
77.5931,3.5498,3.4327,0.1412,0,3.4333,1
77.6931,3.5518,3.4149,0.1394,0,3.4316,1
77.7931,3.5538,3.5778,0.1305,0,3.4455,1
77.8931,3.5558,3.4544,0.1301,0,3.4463,1
77.9931,3.5578,3.5205,0.1259,0,3.4534,1
78.0931,3.5598,3.4474,0.1274,0,3.4528,1
78.1931,3.5546,3.5784,0.1298,0,3.4648,1
78.2931,3.5485,3.4563,0.1331,0,3.4640,1
78.3931,3.5425,3.5518,0.1371,0,3.4723,1
78.4931,3.5365,3.4737,0.1247,0,3.4725,1
78.5931,3.5304,3.5226,0.1239,0,3.4772,1
78.6931,3.5244,3.4652,0.1178,0,3.4761,1
78.7931,3.5184,3.4705,0.1242,0,3.4756,1
78.8931,3.5123,3.5308,0.1179,0,3.4808,1
78.9931,3.5063,3.5766,0.1172,0,3.4899,1
79.0931,3.5002,3.4996,0.1196,0,3.4909,1
79.1931,3.5019,3.4471,0.1165,0,3.4867,1
79.2931,3.5039,3.4343,0.1151,0,3.4817,1
79.3931,3.5059,3.4943,0.1188,0,3.4829,1
79.4931,3.5078,3.4787,0.1213,0,3.4825,1
79.5931,3.5098,3.5233,0.1157,0,3.4864,1
79.6931,3.5118,3.5577,0.1113,0,3.4932,1
79.7931,3.5138,3.5142,0.1139,0,3.4952,1
79.8931,3.5158,3.4682,0.1278,0,3.4926,1
79.9931,3.5177,3.5442,0.1127,0,3.4975,1
80.0931,3.5197,3.5024,0.1158,0,3.4980,1
80.1931,3.5226,3.5075,0.1206,0,3.4989,1
80.2931,3.5256,3.4586,0.1232,0,3.4951,1
80.3931,3.5287,3.4246,0.1256,0,3.4884,1
80.4931,3.5317,3.4575,0.1332,0,3.4854,1
80.5931,3.5347,3.5559,0.1191,0,3.4921,1
80.6931,3.5378,3.5653,0.1306,0,3.4991,1
80.7931,3.5408,3.5082,0.1268,0,3.4999,1
80.8931,3.5438,3.4460,0.1271,0,3.4948,1
80.9931,3.5469,3.4840,0.1297,0,3.4938,1
81.0931,3.5499,3.4644,0.1394,0,3.4910,1
81.1931,3.5404,3.5504,0.1407,0,3.4966,1
81.2931,3.5305,3.5706,0.1354,0,3.5037,1
81.3931,3.5205,3.5527,0.1333,0,3.5083,1
81.4931,3.5106,3.6095,0.1393,0,3.5180,1
81.5931,3.5006,3.4562,0.1622,0,3.5121,1
81.6931,3.4907,3.5295,0.1549,0,3.5138,1
81.7931,3.4807,3.5381,0.1549,0,3.5161,1
81.8931,3.4708,3.5397,0.1437,0,3.5183,1
81.9931,3.4608,3.3939,0.1636,0,3.5065,1
82.0931,3.4509,3.3514,0.1517,0,3.4917,1
82.1931,3.4518,3.4853,0.1529,0,3.4911,1
82.2931,3.4538,3.5847,0.1277,0,3.5000,1
82.3931,3.4558,3.4431,0.1567,0,3.4946,1
82.4931,3.4578,3.4825,0.1465,0,3.4935,1
82.5931,3.4598,3.4378,0.1449,0,3.4882,1
82.6931,3.4618,3.4869,0.1397,0,3.4880,1
82.7931,3.4638,3.3893,0.1499,0,3.4786,1
82.8931,3.4658,3.4684,0.1374,0,3.4777,1
82.9931,3.4678,3.4337,0.1401,0,3.4735,1
83.0931,3.4697,3.4653,0.1220,0,3.4727,1
83.1931,3.4526,3.4064,0.1383,0,3.4664,1
83.2931,3.4326,3.4089,0.1388,0,3.4609,1
83.3931,3.4127,3.4083,0.1322,0,3.4559,1
83.4931,3.3927,3.4355,0.1308,0,3.4540,1
83.5931,3.3728,3.2907,0.1326,0,3.4384,1
83.6931,3.3528,3.3180,0.1333,0,3.4270,1
83.7931,3.3329,3.3269,0.1261,0,3.4175,1
83.8931,3.3130,3.3490,0.1222,0,3.4109,1
83.9931,3.2930,3.3407,0.1275,0,3.4042,1
84.0931,3.2731,3.4057,0.1252,0,3.4044,1
84.1931,3.2726,3.3842,0.1191,0,3.4025,1
84.2931,3.2756,3.4637,0.1208,0,3.4083,1
84.3931,3.2786,3.2940,0.1221,0,3.3974,1
84.4931,3.2817,3.4066,0.1234,0,3.3983,1
84.5931,3.2847,3.2724,0.1256,0,3.3863,1
84.6931,3.2877,3.4133,0.1209,0,3.3889,1
84.7931,3.2908,3.2132,0.1309,0,3.3722,1
84.8931,3.2938,3.2868,0.1296,0,3.3640,1
84.9931,3.2968,3.1868,0.1328,0,3.3472,1
85.0931,3.2998,3.3668,0.1239,0,3.3491,1
85.1931,3.2972,3.3087,0.1339,0,3.3452,1
85.2931,3.2942,3.3135,0.1320,0,3.3422,1
85.3931,3.2912,3.2164,0.1439,0,3.3302,1
85.4931,3.2882,3.3256,0.1335,0,3.3298,1
85.5931,3.2852,3.2528,0.1450,0,3.3225,1
85.6931,3.2823,3.3477,0.1291,0,3.3249,1
85.7931,3.2793,3.1480,0.1585,0,3.3080,1
85.8931,3.2763,3.3164,0.1346,0,3.3088,1
85.9931,3.2733,3.1964,0.1453,0,3.2981,1
86.0931,3.2703,3.2670,0.1315,0,3.2952,1
86.1931,3.2816,3.2087,0.1474,0,3.2869,1
86.2931,3.2946,3.3138,0.1257,0,3.2895,1
86.3931,3.3076,3.2012,0.1358,0,3.2811,1
86.4931,3.3207,3.2568,0.1297,0,3.2788,1
86.5931,3.3337,3.0991,0.1548,0,3.2617,1
86.6931,3.3467,3.2205,0.1316,0,3.2578,1
86.7931,3.3597,3.1677,0.1435,0,3.2492,1
86.8931,3.3727,3.1376,0.1325,0,3.2386,1
86.9931,3.3857,3.1623,0.1480,0,3.2313,1
87.0931,3.3987,3.1914,0.1322,0,3.2275,1
87.1931,3.3892,3.1866,0.1422,0,3.2236,1
87.2931,3.3772,3.2783,0.1235,0,3.2288,1
87.3931,3.3652,3.2408,0.1427,0,3.2300,1
87.4931,3.3532,3.1437,0.1405,0,3.2218,1
87.5931,3.3412,3.1341,0.1345,0,3.2134,1
87.6931,3.3292,3.1912,0.1276,0,3.2113,1
87.7931,3.3172,3.1850,0.1277,0,3.2088,1
87.8931,3.3052,3.2569,0.1225,0,3.2134,1
87.9931,3.2932,3.1482,0.1253,0,3.2072,1
88.0931,3.2812,3.1689,0.1226,0,3.2035,1
88.1931,3.2809,3.1001,0.1270,0,3.1937,1
88.2931,3.2819,3.1917,0.1261,0,3.1935,1
88.3931,3.2829,3.1203,0.1288,0,3.1865,1
88.4931,3.2839,3.1440,0.1338,0,3.1825,1
88.5931,3.2849,3.1287,0.1287,0,3.1774,1
88.6931,3.2859,3.2912,0.1234,0,3.1882,1
88.7931,3.2869,3.1155,0.1293,0,3.1813,1
88.8931,3.2879,3.2037,0.1251,0,3.1834,1
88.9931,3.2889,3.1929,0.1264,0,3.1843,1
89.0931,3.2899,3.2612,0.1288,0,3.1916,1
89.1931,3.2909,3.1817,0.1239,0,3.1907,1
89.2931,3.2919,3.2672,0.1212,0,3.1980,1
89.3931,3.2929,3.1605,0.1253,0,3.1944,1
89.4931,3.2939,3.2715,0.1249,0,3.2017,1
89.5931,3.2949,3.2432,0.1249,0,3.2057,1
89.6931,3.2959,3.2597,0.1214,0,3.2108,1
89.7931,3.2969,3.2576,0.1263,0,3.2153,1
89.8931,3.2979,3.2954,0.1195,0,3.2229,1
89.9931,3.2989,3.1580,0.1312,0,3.2167,1
90.0931,3.2999,3.2242,0.1213,0,3.2174,1
90.1931,3.3091,3.1765,0.1309,0,3.2135,1
90.2931,3.3192,3.2162,0.1258,0,3.2138,1
90.3931,3.3292,3.1877,0.1294,0,3.2113,1
90.4931,3.3393,3.2112,0.1229,0,3.2113,1
90.5931,3.3494,3.3063,0.1229,0,3.2203,1
90.6931,3.3594,3.3012,0.1276,0,3.2280,1
90.7931,3.3695,3.3251,0.1372,0,3.2373,1
90.8931,3.3795,3.3156,0.1279,0,3.2447,1
90.9931,3.3896,3.3425,0.1343,0,3.2540,1
91.0931,3.3997,3.3101,0.1371,0,3.2594,1
91.1931,3.4048,3.3225,0.1492,0,3.2654,1
91.2931,3.4097,3.3483,0.1405,0,3.2733,1
91.3931,3.4147,3.3411,0.1423,0,3.2797,1
91.4931,3.4196,3.2884,0.1532,0,3.2805,1
91.5931,3.4245,3.2603,0.1513,0,3.2786,1
91.6931,3.4295,3.3366,0.1478,0,3.2841,1
91.7931,3.4344,3.3296,0.1454,0,3.2885,1
91.8931,3.4394,3.4643,0.1500,0,3.3052,1
91.9931,3.4443,3.3603,0.1656,0,3.3104,1
92.0931,3.4493,3.4630,0.1527,0,3.3249,1
92.1931,3.4491,3.4669,0.1412,0,3.3385,1
92.2931,3.4481,3.4534,0.1650,0,3.3494,1
92.3931,3.4471,3.5074,0.1490,0,3.3644,1
92.4931,3.4461,3.5764,0.1522,0,3.3846,1
92.5931,3.4451,3.4487,0.1457,0,3.3907,1
92.6931,3.4441,3.5502,0.1586,0,3.4059,1
92.7931,3.4431,3.4505,0.1710,0,3.4101,1
92.8931,3.4421,3.5180,0.1534,0,3.4204,1
92.9931,3.4411,3.5579,0.1464,0,3.4335,1
93.0931,3.4401,3.5041,0.1575,0,3.4402,1
93.1931,3.4446,3.4725,0.1560,0,3.4433,1
93.2931,3.4496,3.5876,0.1399,0,3.4570,1
93.3931,3.4546,3.4378,0.1353,0,3.4552,1
93.4931,3.4596,3.5412,0.1416,0,3.4634,1
93.5931,3.4646,3.4386,0.1414,0,3.4610,1
93.6931,3.4696,3.5728,0.1241,0,3.4717,1
93.7931,3.4746,3.5001,0.1257,0,3.4744,1
93.8931,3.4795,3.5238,0.1203,0,3.4791,1
93.9931,3.4845,3.5177,0.1266,0,3.4828,1
94.0931,3.4895,3.5724,0.1219,0,3.4913,1
94.1931,3.4782,3.5104,0.1251,0,3.4931,1
94.2931,3.4652,3.5118,0.1263,0,3.4949,1
94.3931,3.4522,3.4077,0.1268,0,3.4866,1
94.4931,3.4392,3.4486,0.1176,0,3.4830,1
94.5931,3.4262,3.4338,0.1206,0,3.4783,1
94.6931,3.4132,3.3790,0.1188,0,3.4688,1
94.7931,3.4002,3.4117,0.1250,0,3.4634,1
94.8931,3.3872,3.4649,0.1157,0,3.4635,1
94.9931,3.3742,3.4269,0.1154,0,3.4601,1
95.0931,3.3612,3.4080,0.1189,0,3.4551,1
95.1931,3.3545,3.3801,0.1203,0,3.4480,1
95.2931,3.3486,3.3280,0.1221,0,3.4365,1
95.3931,3.3426,3.3755,0.1203,0,3.4307,1
95.4931,3.3366,3.3021,0.1170,0,3.4185,1
95.5931,3.3306,3.3410,0.1153,0,3.4111,1
95.6931,3.3246,3.3576,0.1120,0,3.4060,1
95.7931,3.3186,3.3912,0.1095,0,3.4046,1
95.8931,3.3126,3.3109,0.1157,0,3.3957,1
95.9931,3.3066,3.2637,0.1261,0,3.3831,1
96.0931,3.3006,3.2998,0.1177,0,3.3752,1
96.1931,3.2893,3.3240,0.1238,0,3.3703,1
96.2931,3.2773,3.2418,0.1325,0,3.3581,1
96.3931,3.2653,3.3031,0.1252,0,3.3529,1
96.4931,3.2534,3.3623,0.1217,0,3.3538,1
96.5931,3.2414,3.4011,0.1192,0,3.3583,1
96.6931,3.2294,3.2815,0.1265,0,3.3510,1
96.7931,3.2174,3.2333,0.1352,0,3.3398,1
96.8931,3.2055,3.2588,0.1389,0,3.3321,1
96.9931,3.1935,3.2913,0.1334,0,3.3282,1
97.0931,3.1815,3.1141,0.1435,0,3.3078,1
97.1931,3.1817,3.1967,0.1355,0,3.2972,1
97.2931,3.1837,3.2345,0.1291,0,3.2913,1
97.3931,3.1857,3.3180,0.1256,0,3.2938,1
97.4931,3.1877,3.1115,0.1342,0,3.2765,1
97.5931,3.1897,3.2090,0.1361,0,3.2700,1
97.6931,3.1917,3.2534,0.1305,0,3.2685,1
97.7931,3.1937,3.3199,0.1342,0,3.2734,1
97.8931,3.1957,3.1464,0.1469,0,3.2613,1
97.9931,3.1977,3.1434,0.1451,0,3.2501,1
98.0931,3.1997,3.1992,0.1431,0,3.2452,1
98.1931,3.1787,3.2215,0.1413,0,3.2430,1
98.2931,3.1535,3.1019,0.1558,0,3.2295,1
98.3931,3.1283,3.1834,0.1506,0,3.2251,1
98.4931,3.1031,3.1730,0.1600,0,3.2202,1
98.5931,3.0779,3.1618,0.1627,0,3.2146,1
98.6931,3.0526,3.0323,0.1558,0,3.1973,1
98.7931,3.0274,3.0750,0.1578,0,3.1856,1
98.8931,3.0022,3.0746,0.1547,0,3.1751,1
98.9931,2.9770,3.1204,0.1502,0,3.1699,1
99.0931,2.9518,3.0071,0.1686,0,3.1544,1
99.1931,2.9315,3.0824,0.1504,0,3.1475,1
99.2931,2.9115,3.0878,0.1490,0,3.1418,1
99.3931,2.8916,3.0650,0.1530,0,3.1345,1
99.4931,2.8716,2.9578,0.1507,0,3.1177,1
99.5931,2.8517,2.9918,0.1580,0,3.1057,1
99.6931,2.8317,2.9599,0.1652,0,3.0918,1
99.7931,2.8118,3.0573,0.1553,0,3.0886,1
99.8931,2.7919,2.9789,0.1770,0,3.0781,1
99.9931,2.7719,3.0418,0.1581,0,3.0747,1
100.0931,2.7520,2.9453,0.1703,0,3.0624,1
100.1931,2.7330,2.9387,0.1752,0,3.0506,1
100.2931,2.7141,2.7573,0.1796,0,3.0227,1
100.3931,2.6952,2.8835,0.1807,0,3.0094,1
100.4931,2.6762,2.9196,0.1894,0,3.0009,1
100.5931,2.6573,3.0305,0.1731,0,3.0037,1
100.6931,2.6384,2.8935,0.1875,0,2.9932,1
100.7931,2.6195,2.9532,0.1692,0,2.9894,1
100.8931,2.6006,2.8708,0.1778,0,2.9781,1
100.9931,2.5817,2.8797,0.1805,0,2.9688,1
101.0931,2.5628,2.6844,0.1988,0,2.9417,1
101.1931,2.5386,2.8841,0.1815,0,2.9362,1
101.2931,2.5135,2.8214,0.1812,0,2.9253,1
101.3931,2.4884,2.7940,0.1874,0,2.9128,1
101.4931,2.4633,2.7053,0.1905,0,2.8931,1
101.5931,2.4382,2.7776,0.1832,0,2.8821,1
101.6931,2.4130,2.6532,0.2022,0,2.8603,1
101.7931,2.3879,2.6510,0.2019,0,2.8404,1
101.8931,2.3628,2.4997,0.2149,0,2.8079,1
101.9931,2.3377,2.6118,0.1998,0,2.7893,1
102.0931,2.3126,2.5242,0.2145,0,2.7641,1
102.1931,2.3028,2.4683,0.2159,0,2.7359,1
102.2931,2.2948,2.4277,0.2193,0,2.7066,1
102.3931,2.2868,2.4877,0.2109,0,2.6858,1
102.4931,2.2788,2.4607,0.2185,0,2.6643,1
102.5931,2.2708,2.4963,0.2063,0,2.6484,1
102.6931,2.2627,2.4980,0.2084,0,2.6340,1
102.7931,2.2547,2.5559,0.2001,0,2.6266,1
102.8931,2.2467,2.4226,0.2162,0,2.6072,1
102.9931,2.2387,2.4683,0.2116,0,2.5940,1
103.0931,2.2307,2.3967,0.2105,0,2.5752,1
103.1931,2.1855,2.4061,0.2103,0,2.5591,1
103.2931,2.1368,2.3770,0.2187,0,2.5418,1
103.3931,2.0881,2.3578,0.2262,0,2.5243,1
103.4931,2.0394,2.4934,0.2036,0,2.5213,1
103.5931,1.9907,2.4007,0.2233,0,2.5099,1
103.6931,1.9420,2.3225,0.2259,0,2.4920,1
103.7931,1.8933,2.3742,0.2265,0,2.4808,1
103.8931,1.8447,2.2788,0.2288,0,2.4616,1
103.9931,1.7960,2.3088,0.2432,0,2.4471,1
104.0931,1.7473,2.2981,0.2404,0,2.4329,1
104.1931,1.6669,2.2936,0.2496,0,2.4196,1
104.2931,1.5810,2.3199,0.2504,0,2.4101,1
104.3931,1.4951,2.2425,0.2680,0,2.3942,1
104.4931,1.4092,2.1707,0.2774,0,2.3729,1
104.5931,1.3233,2.1870,0.2829,0,2.3552,1
104.6931,1.2374,1.9637,0.2946,0,2.3180,1
104.7931,1.1515,1.8474,0.3161,0,2.2732,1
104.8931,1.0656,1.7397,0.3392,0,2.2224,1
104.9931,0.9797,1.5211,0.3237,0,2.1557,1
105.0931,0.8938,1.5176,0.3220,0,2.0950,1
105.1931,0.8222,1.3751,0.3396,0,2.0265,1
105.2931,0.7513,1.3406,0.3485,0,1.9612,1
105.3931,0.6803,1.1855,0.3266,0,1.8874,1
105.4931,0.6094,1.0228,0.3134,0,1.8051,1
105.5931,0.5384,0.7890,0.2979,0,1.7084,1
105.6931,0.4675,0.7271,0.2952,0,1.6150,1
105.7931,0.3966,0.6474,0.2800,0,1.5229,1
105.8931,0.3256,0.4860,0.2628,0,1.4243,1
105.9931,0.2547,0.3865,0.2455,0,1.3255,1
106.0931,0.1837,0.3189,0.2587,0,1.2297,1
106.1931,0.1630,0.2639,0.2297,0,1.1378,1
106.2931,0.1451,0.2716,0.2184,0,1.0554,1
106.3931,0.1272,0.1736,0.2147,0,0.9714,1
106.4931,0.1093,0.1699,0.1956,0,0.8952,1
106.5931,0.0914,0.1019,0.1662,0,0.8197,1
106.6931,0.0735,0.0205,0.1506,1,0.0000,1
106.7931,0.0556,0.0430,0.1363,1,0.0000,1
106.8931,0.0377,0.0561,0.1257,1,0.0000,1
106.9931,0.0197,0.0015,0.1109,1,0.0000,1
107.0931,0.0018,0.0117,0.0974,1,0.0000,1
107.1931,0.0000,0.0143,0.0931,1,0.0000,1
107.2931,0.0000,0.0285,0.0831,1,0.0000,1
107.3931,0.0000,0.0107,0.0754,1,0.0000,1
107.4931,0.0000,0.0219,0.0708,1,0.0000,1
107.5931,0.0000,0.0312,0.0642,1,0.0000,1
107.6931,0.0000,0.0200,0.0583,1,0.0000,1
110.7931,0.0000,0.0000,0.0498,1,0.0000,2
110.8931,0.0000,0.0000,0.0498,1,0.0000,2
110.9931,0.0000,0.0000,0.0498,1,0.0000,2
111.0931,0.0000,0.0000,0.0498,1,0.0000,2
111.1931,0.0000,0.0000,0.0498,1,0.0000,2
111.2931,0.0000,0.0024,0.0498,1,0.0000,2
111.3931,0.0000,0.0000,0.0498,1,0.0000,2
111.4931,0.0000,0.0000,0.0498,1,0.0000,2
111.5931,0.0000,0.0000,0.0498,1,0.0000,2
111.6931,0.0000,0.0016,0.0498,1,0.0000,2
111.7931,0.0000,0.0000,0.0498,1,0.0000,2
111.8931,0.0000,0.0068,0.0498,1,0.0000,2
111.9931,0.0000,0.0026,0.0498,1,0.0000,2
112.0931,0.0000,0.0013,0.0498,1,0.0000,2
112.1931,0.0000,0.0054,0.0498,1,0.0000,2
112.2931,0.0000,0.0000,0.0498,1,0.0000,2
112.3931,0.0000,0.0030,0.0498,1,0.0000,2
112.4931,0.0000,0.0000,0.0498,1,0.0000,2
112.5931,0.0000,0.0000,0.0498,1,0.0000,2
112.6931,0.0000,0.0017,0.0498,1,0.0000,2
112.7931,0.0000,0.0023,0.0498,1,0.0000,2
112.8931,0.0000,0.0004,0.0498,1,0.0000,2
112.9931,0.0000,0.0027,0.0498,1,0.0000,2
113.0931,0.0000,0.0014,0.0498,1,0.0000,2
113.1931,0.0000,0.0000,0.0498,1,0.0000,2
113.2931,0.0000,0.0032,0.0498,1,0.0000,2
113.3931,0.0000,0.0000,0.0498,1,0.0000,2
113.4931,0.0000,0.0000,0.0498,1,0.0000,2
113.5931,0.0000,0.0006,0.0498,1,0.0000,2
113.6931,0.0000,0.0004,0.0498,1,0.0000,2
113.7931,0.0000,0.0005,0.0498,1,0.0000,2
113.8931,0.0000,0.0021,0.0498,1,0.0000,2
113.9931,0.0000,0.0001,0.0498,1,0.0000,2
114.0931,0.0000,0.0032,0.0498,1,0.0000,2
114.1931,0.0000,0.0016,0.0498,1,0.0000,2
114.2931,0.0000,0.0036,0.0498,1,0.0000,2
114.3931,0.0000,0.0030,0.0498,1,0.0000,2
114.4931,0.0000,0.0049,0.0498,1,0.0000,2
114.5931,0.0000,0.0047,0.0498,1,0.0000,2
114.6931,0.0000,0.0036,0.0498,1,0.0000,2
114.7931,0.0000,0.0032,0.0498,1,0.0000,2
114.8931,0.0000,0.0028,0.0498,1,0.0000,2
114.9931,0.0000,0.0026,0.0498,1,0.0000,2
115.0931,0.0000,0.0030,0.0498,1,0.0000,2
115.1931,0.0000,0.0025,0.0498,1,0.0000,2
115.2931,0.0000,0.0027,0.0498,1,0.0000,2
115.3931,0.0000,0.0024,0.0498,1,0.0000,2
115.4931,0.0000,0.0030,0.0498,1,0.0000,2
115.5931,0.0000,0.0019,0.0498,1,0.0000,2
115.6931,0.0000,0.0028,0.0498,1,0.0000,2
115.7931,0.0000,0.0029,0.0498,1,0.0000,2
115.8931,0.0000,0.0017,0.0498,1,0.0000,2
115.9931,0.0000,0.0019,0.0498,1,0.0000,2
116.0931,0.0000,0.0021,0.0498,1,0.0000,2
116.1931,0.0000,0.0022,0.0498,1,0.0000,2
116.2931,0.0000,0.0038,0.0498,1,0.0000,2
116.3931,0.0000,0.0024,0.0498,1,0.0000,2
116.4931,0.0000,0.0027,0.0498,1,0.0000,2
116.5931,0.0000,0.0030,0.0498,1,0.0000,2
116.6931,0.0000,0.0026,0.0498,1,0.0000,2
116.7931,0.0000,0.0028,0.0498,1,0.0000,2
116.8931,0.0000,0.0014,0.0498,1,0.0000,2
116.9931,0.0000,0.0017,0.0498,1,0.0000,2
117.0931,0.0000,0.0028,0.0498,1,0.0000,2
117.1931,0.0000,0.0018,0.0498,1,0.0000,2
117.2931,0.0000,0.0024,0.0498,1,0.0000,2
117.3931,0.0000,0.0027,0.0498,1,0.0000,2
117.4931,0.0000,0.0022,0.0498,1,0.0000,2
117.5931,0.0000,0.0029,0.0498,1,0.0000,2
117.6931,0.0000,0.0033,0.0498,1,0.0000,2
117.7931,0.0000,0.0023,0.0498,1,0.0000,2
117.8931,0.0000,0.0043,0.0498,1,0.0000,2
117.9931,0.0000,0.0046,0.0498,1,0.0000,2
118.0931,0.0000,0.0035,0.0498,1,0.0000,2
118.1931,0.0000,0.0033,0.0498,1,0.0000,2
118.2931,0.0000,0.0044,0.0498,1,0.0000,2
118.3931,0.0000,0.0037,0.0498,1,0.0000,2
118.4931,0.0000,0.0057,0.0498,1,0.0000,2
118.5931,0.0000,0.0034,0.0498,1,0.0000,2
118.6931,0.0000,0.0042,0.0498,1,0.0000,2
118.7931,0.0000,0.0028,0.0498,1,0.0000,2
118.8931,0.0000,0.0033,0.0498,1,0.0000,2
118.9931,0.0000,0.0024,0.0498,1,0.0000,2
119.0931,0.0000,0.0029,0.0498,1,0.0000,2
119.1931,0.0000,0.0032,0.0498,1,0.0000,2
119.2931,0.0000,0.0025,0.0498,1,0.0000,2
119.3931,0.0000,0.0033,0.0498,1,0.0000,2
119.4931,0.0000,0.0034,0.0498,1,0.0000,2
119.5931,0.0000,0.0016,0.0498,1,0.0000,2
119.6931,0.0000,0.0037,0.0498,1,0.0000,2
119.7931,0.0000,0.0028,0.0498,1,0.0000,2
119.8931,0.0000,0.0025,0.0498,1,0.0000,2
119.9931,0.0000,0.0028,0.0498,1,0.0000,2
120.0931,0.0000,0.0026,0.0498,1,0.0000,2
120.1931,0.0000,0.0042,0.0498,1,0.0000,2
120.2931,0.0000,0.0051,0.0498,1,0.0000,2
120.3931,0.0000,0.0027,0.0498,1,0.0000,2
120.4931,0.0000,0.0034,0.0498,1,0.0000,2
120.5931,0.0000,0.0041,0.0498,1,0.0000,2
120.6931,0.0000,0.0041,0.0498,1,0.0000,2
120.7931,0.0000,0.0039,0.0498,1,0.0000,2
120.8931,0.0000,0.0038,0.0498,1,0.0000,2
120.9931,0.0000,0.0039,0.0498,1,0.0000,2
121.0931,0.0000,0.0035,0.0498,1,0.0000,2
121.1931,0.0000,0.0030,0.0498,1,0.0000,2
121.2931,0.0000,0.0037,0.0498,1,0.0000,2
121.3931,0.0000,0.0034,0.0498,1,0.0000,2
121.4931,0.0000,0.0033,0.0498,1,0.0000,2
121.5931,0.0000,0.0038,0.0498,1,0.0000,2
121.6931,0.0000,0.0036,0.0498,1,0.0000,2
121.7931,0.0000,0.0041,0.0498,1,0.0000,2
121.8931,0.0000,0.0030,0.0498,1,0.0000,2
121.9931,0.0000,0.0040,0.0498,1,0.0000,2
122.0931,0.0000,0.0027,0.0498,1,0.0000,2
122.1931,0.0000,0.0035,0.0498,1,0.0000,2
