t_s,x_m,y_m,v,k
13.194,-0.009,-0.003,0.000,1.000
13.694,-0.009,-0.003,0.000,1.000
13.994,-0.009,-0.003,0.000,1.000
14.394,-0.001,0.000,0.000,1.000
17.594,0.004,-0.143,0.838,1.000
17.694,0.085,-0.142,0.790,1.000
17.794,0.161,-0.141,0.764,1.000
17.894,0.242,-0.140,0.804,1.000
17.994,0.324,-0.137,0.817,1.000
18.094,0.412,-0.134,0.863,1.000
18.194,0.504,-0.130,0.903,1.000
18.294,0.418,-0.576,1.284,1.000
18.394,0.382,-0.695,1.229,1.000
18.494,0.348,-0.812,1.222,1.000
18.594,0.312,-0.925,1.198,1.000
18.694,0.273,-1.047,1.244,1.000
18.794,0.234,-1.165,1.244,1.000
18.894,0.193,-1.288,1.269,1.000
18.994,0.153,-1.415,1.300,1.000
19.094,0.109,-1.561,1.400,1.000
19.194,0.072,-1.692,1.384,1.000
19.294,-0.134,-2.204,1.487,1.000
19.394,-0.170,-2.341,1.452,1.000
19.494,-0.206,-2.485,1.464,1.000
19.594,-0.238,-2.619,1.423,1.000
19.694,-0.269,-2.754,1.405,1.000
19.794,-0.299,-2.889,1.389,1.000
19.894,-0.329,-3.031,1.421,1.000
19.994,-0.355,-3.158,1.360,1.000
20.094,-0.383,-3.291,1.361,1.000
20.194,-0.408,-3.416,1.319,1.000
20.294,-0.553,-3.830,1.335,1.000
20.394,-0.579,-3.958,1.317,1.000
20.494,-0.608,-4.087,1.321,1.000
20.594,-0.639,-4.207,1.276,1.000
20.694,-0.674,-4.330,1.279,1.000
20.794,-0.712,-4.458,1.307,1.000
20.894,-0.753,-4.594,1.365,1.000
20.994,-0.793,-4.730,1.397,1.000
21.094,-0.832,-4.863,1.389,1.000
21.194,-0.871,-4.996,1.388,1.000
21.294,-1.053,-5.392,1.499,1.000
21.394,-1.095,-5.529,1.454,1.000
21.494,-1.136,-5.666,1.441,1.000
21.594,-1.177,-5.805,1.447,1.000
21.694,-1.217,-5.944,1.447,1.000
21.794,-1.254,-6.070,1.375,1.000
21.894,-1.289,-6.193,1.327,1.000
21.994,-1.324,-6.316,1.299,1.000
22.094,-1.359,-6.445,1.321,1.000
22.194,-1.391,-6.563,1.271,1.000
22.294,-1.567,-6.939,1.361,1.000
22.394,-1.606,-7.073,1.380,1.000
22.494,-1.646,-7.213,1.419,1.000
22.594,-1.686,-7.350,1.423,1.000
22.694,-1.728,-7.497,1.479,1.000
22.794,-1.772,-7.646,1.521,1.000
22.894,-1.818,-7.801,1.571,1.000
22.994,-1.864,-7.954,1.581,1.000
23.094,-1.909,-8.104,1.576,1.000
23.194,-1.952,-8.257,1.585,1.000
23.294,-2.159,-8.684,1.734,1.000
23.394,-2.207,-8.846,1.705,1.000
23.494,-2.255,-9.013,1.724,1.000
23.594,-2.305,-9.181,1.746,1.000
23.694,-2.359,-9.353,1.779,1.000
23.794,-2.413,-9.525,1.799,1.000
23.894,-2.469,-9.703,1.843,1.000
23.994,-2.525,-9.876,1.826,1.000
24.094,-2.584,-10.056,1.864,1.000
24.194,-2.647,-10.241,1.925,1.000
24.294,-2.875,-10.710,2.090,1.000
24.394,-2.951,-10.908,2.118,1.000
24.494,-3.030,-11.108,2.139,1.000
24.594,-3.112,-11.313,2.193,1.000
24.694,-3.197,-11.520,2.224,1.000
24.794,-3.285,-11.725,2.225,1.000
24.894,-3.373,-11.929,2.223,1.000
24.994,-3.463,-12.130,2.209,1.000
25.094,-3.554,-12.328,2.186,1.000
25.194,-3.645,-12.527,2.195,1.000
25.294,-3.880,-12.984,2.221,1.000
25.394,-3.974,-13.188,2.241,1.000
25.494,-4.068,-13.391,2.236,1.000
25.594,-4.162,-13.590,2.211,1.000
25.694,-4.257,-13.785,2.180,1.000
25.794,-4.355,-13.974,2.143,1.000
25.894,-4.458,-14.166,2.172,1.000
25.994,-4.566,-14.359,2.200,1.000
26.094,-4.676,-14.550,2.199,1.000
26.194,-4.791,-14.745,2.240,1.000
26.294,-5.045,-15.173,2.259,1.000
26.394,-5.162,-15.370,2.284,1.000
26.494,-5.279,-15.565,2.275,1.000
26.594,-5.394,-15.755,2.234,1.000
26.694,-5.513,-15.950,2.274,1.000
26.794,-5.635,-16.144,2.287,1.000
26.894,-5.759,-16.340,2.308,1.000
26.994,-5.886,-16.533,2.311,1.000
27.094,-6.015,-16.726,2.318,1.000
27.194,-6.150,-16.923,2.364,1.000
27.294,-6.428,-17.341,2.431,1.000
27.394,-6.570,-17.537,2.416,1.000
27.494,-6.715,-17.733,2.438,1.000
27.594,-6.866,-17.934,2.491,1.000
27.694,-7.021,-18.140,2.556,1.000
27.794,-7.178,-18.348,2.587,1.000
27.894,-7.335,-18.555,2.593,1.000
27.994,-7.491,-18.764,2.605,1.000
28.094,-7.650,-18.975,2.631,1.000
28.194,-7.812,-19.189,2.672,1.000
28.294,-8.113,-19.600,2.701,1.000
28.394,-8.282,-19.813,2.719,1.000
28.494,-8.457,-20.027,2.755,1.000
28.594,-8.635,-20.237,2.751,1.000
28.694,-8.813,-20.442,2.724,1.000
28.794,-8.994,-20.644,2.716,1.000
28.894,-9.180,-20.848,2.749,1.000
28.994,-9.373,-21.055,2.823,1.000
29.094,-9.569,-21.261,2.839,1.000
29.194,-9.766,-21.465,2.839,1.000
29.294,-10.099,-21.843,2.864,1.000
29.394,-10.300,-22.043,2.840,1.000
29.494,-10.506,-22.243,2.860,1.000
29.594,-10.709,-22.441,2.839,1.000
29.694,-10.909,-22.640,2.831,1.000
29.794,-11.109,-22.844,2.849,1.000
29.894,-11.312,-23.052,2.896,1.000
29.994,-11.513,-23.256,2.869,1.000
30.094,-11.717,-23.460,2.881,1.000
30.194,-11.921,-23.662,2.868,1.000
30.294,-12.254,-24.011,2.917,1.000
30.394,-12.472,-24.211,2.949,1.000
30.494,-12.691,-24.407,2.945,1.000
30.594,-12.913,-24.601,2.949,1.000
30.694,-13.136,-24.795,2.956,1.000
30.794,-13.358,-24.988,2.936,1.000
30.894,-13.579,-25.181,2.940,1.000
30.994,-13.803,-25.377,2.970,1.000
31.094,-14.032,-25.573,3.007,1.000
31.194,-14.267,-25.770,3.056,1.000
31.294,-14.605,-26.076,2.979,1.000
31.394,-14.838,-26.255,2.943,1.000
31.494,-15.073,-26.432,2.941,1.000
31.594,-15.311,-26.607,2.953,1.000
31.694,-15.555,-26.784,3.002,1.000
31.794,-15.800,-26.962,3.028,1.000
31.894,-16.046,-27.142,3.044,1.000
31.994,-16.293,-27.323,3.056,1.000
32.094,-16.532,-27.499,2.978,1.000
32.194,-16.770,-27.676,2.966,1.000
32.294,-17.110,-27.961,2.983,1.000
32.394,-17.349,-28.142,3.004,1.000
32.494,-17.591,-28.327,3.042,1.000
32.594,-17.833,-28.512,3.043,1.000
32.694,-18.074,-28.691,3.004,1.000
32.794,-18.317,-28.864,2.986,1.000
32.894,-18.561,-29.033,2.967,1.000
32.994,-18.808,-29.199,2.977,1.000
33.094,-19.060,-29.364,3.010,1.000
33.194,-19.317,-29.527,3.044,1.000
33.294,-19.682,-29.780,3.085,1.000
33.394,-19.945,-29.934,3.049,1.000
33.494,-20.209,-30.088,3.050,1.000
33.594,-20.470,-30.245,3.046,1.000
33.694,-20.730,-30.407,3.064,1.000
33.794,-20.993,-30.573,3.104,1.000
33.894,-21.257,-30.739,3.122,1.000
33.994,-21.525,-30.906,3.156,1.000
34.094,-21.795,-31.068,3.148,1.000
34.194,-22.066,-31.225,3.130,1.000
34.294,-22.443,-31.467,3.161,1.000
34.394,-22.718,-31.613,3.116,1.000
34.494,-22.999,-31.759,3.165,1.000
34.594,-23.285,-31.906,3.214,1.000
34.694,-23.567,-32.054,3.191,1.000
34.794,-23.850,-32.203,3.193,1.000
34.894,-24.136,-32.350,3.220,1.000
34.994,-24.422,-32.493,3.199,1.000
35.094,-24.714,-32.637,3.247,1.000
35.194,-25.010,-32.781,3.295,1.000
35.294,-25.417,-33.008,3.381,1.000
35.394,-25.725,-33.155,3.412,1.000
35.494,-26.036,-33.299,3.433,1.000
35.594,-26.351,-33.438,3.437,1.000
35.694,-26.668,-33.574,3.456,1.000
35.794,-26.983,-33.708,3.425,1.000
35.894,-27.302,-33.843,3.454,1.000
35.994,-27.624,-33.979,3.491,1.000
36.094,-27.946,-34.117,3.507,1.000
36.194,-28.268,-34.256,3.510,1.000
36.294,-28.694,-34.461,3.526,1.000
36.394,-29.020,-34.595,3.517,1.000
36.494,-29.346,-34.726,3.521,1.000
36.594,-29.672,-34.854,3.498,1.000
36.694,-29.999,-34.983,3.516,1.000
36.794,-30.333,-35.116,3.586,1.000
36.894,-30.664,-35.248,3.568,1.000
36.994,-30.992,-35.378,3.528,1.000
37.094,-31.321,-35.512,3.557,1.000
37.194,-31.652,-35.646,3.566,1.000
37.294,-32.075,-35.824,3.533,1.000
37.394,-32.409,-35.945,3.551,1.000
37.494,-32.746,-36.063,3.565,1.000
37.594,-33.084,-36.179,3.581,1.000
37.694,-33.423,-36.291,3.565,1.000
37.794,-33.760,-36.401,3.554,1.000
37.894,-34.096,-36.511,3.534,1.000
37.994,-34.431,-36.622,3.530,1.000
38.094,-34.760,-36.736,3.479,1.000
38.194,-35.088,-36.852,3.478,1.000
38.294,-35.496,-37.009,3.457,1.000
38.394,-35.824,-37.127,3.484,1.000
38.494,-36.152,-37.240,3.465,1.000
38.594,-36.479,-37.350,3.455,1.000
38.694,-36.809,-37.464,3.490,1.000
38.794,-37.137,-37.578,3.469,1.000
38.894,-37.467,-37.686,3.473,1.000
38.994,-37.799,-37.790,3.483,1.000
39.094,-38.131,-37.893,3.472,1.000
39.194,-38.463,-37.995,3.478,1.000
39.294,-38.874,-38.129,3.503,1.000
39.394,-39.211,-38.228,3.510,1.000
39.494,-39.546,-38.329,3.502,1.000
39.594,-39.878,-38.432,3.482,1.000
39.694,-40.213,-38.541,3.522,1.000
39.794,-40.544,-38.652,3.487,1.000
39.894,-40.867,-38.762,3.422,1.000
39.994,-41.191,-38.872,3.419,1.000
40.094,-41.519,-38.983,3.457,1.000
40.194,-41.843,-39.090,3.416,1.000
40.294,-42.240,-39.221,3.424,1.000
40.394,-42.564,-39.322,3.395,1.000
40.494,-42.894,-39.421,3.441,1.000
40.594,-43.223,-39.519,3.439,1.000
40.694,-43.556,-39.619,3.472,1.000
40.794,-43.885,-39.725,3.457,1.000
40.894,-44.218,-39.838,3.518,1.000
40.994,-44.546,-39.952,3.476,1.000
41.094,-44.873,-40.062,3.451,1.000
41.194,-45.199,-40.168,3.429,1.000
41.294,-45.594,-40.289,3.431,1.000
41.394,-45.924,-40.380,3.414,1.000
41.494,-46.257,-40.466,3.443,1.000
41.594,-46.589,-40.554,3.434,1.000
41.694,-46.922,-40.644,3.450,1.000
41.794,-47.251,-40.735,3.411,1.000
41.894,-47.580,-40.827,3.416,1.000
41.994,-47.907,-40.918,3.403,1.000
42.094,-48.234,-41.007,3.384,1.000
42.194,-48.558,-41.094,3.361,1.000
42.294,-48.950,-41.198,3.393,1.000
42.394,-49.281,-41.278,3.405,1.000
42.494,-49.611,-41.353,3.386,1.000
42.594,-49.942,-41.423,3.386,1.000
42.694,-50.273,-41.485,3.366,1.000
42.794,-50.604,-41.542,3.366,1.000
42.894,-50.936,-41.594,3.354,1.000
42.994,-51.269,-41.643,3.368,1.000
43.094,-51.601,-41.693,3.358,1.000
43.194,-51.936,-41.742,3.383,1.000
43.294,-52.328,-41.807,3.350,1.000
43.394,-52.659,-41.853,3.350,1.000
43.494,-52.995,-41.894,3.382,1.000
43.594,-53.334,-41.930,3.407,1.000
43.694,-53.670,-41.959,3.370,1.000
43.794,-54.007,-41.979,3.375,1.000
43.894,-54.342,-41.990,3.353,1.000
43.994,-54.681,-41.996,3.386,1.000
44.094,-55.011,-41.997,3.312,1.000
44.194,-55.344,-41.997,3.326,1.000
44.294,-55.734,-42.008,3.317,1.000
44.394,-56.066,-42.006,3.319,1.000
44.494,-56.395,-42.002,3.289,1.000
44.594,-56.727,-41.994,3.320,1.000
44.694,-57.059,-41.979,3.320,1.000
44.794,-57.392,-41.955,3.339,1.000
44.894,-57.720,-41.928,3.297,1.000
44.994,-58.049,-41.895,3.310,1.000
45.094,-58.382,-41.854,3.346,1.000
45.194,-58.715,-41.806,3.362,1.000
45.294,-59.093,-41.759,3.306,1.000
45.394,-59.419,-41.693,3.325,1.000
45.494,-59.743,-41.615,3.330,1.000
45.594,-60.063,-41.522,3.330,1.000
45.694,-60.375,-41.418,3.294,1.000
45.794,-60.683,-41.304,3.287,1.000
45.894,-60.986,-41.181,3.273,1.000
45.994,-61.286,-41.051,3.269,1.000
46.094,-61.579,-40.916,3.229,1.000
46.194,-61.873,-40.777,3.248,1.000
46.294,-62.216,-40.636,3.278,1.000
46.394,-62.510,-40.490,3.276,1.000
46.494,-62.804,-40.339,3.308,1.000
46.594,-63.094,-40.181,3.306,1.000
46.694,-63.379,-40.016,3.293,1.000
46.794,-63.659,-39.840,3.303,1.000
46.894,-63.929,-39.653,3.289,1.000
46.994,-64.188,-39.455,3.262,1.000
47.094,-64.443,-39.246,3.296,1.000
47.194,-64.693,-39.031,3.296,1.000
47.294,-64.977,-38.821,3.226,1.000
47.394,-65.222,-38.605,3.263,1.000
47.494,-65.461,-38.390,3.215,1.000
47.594,-65.697,-38.173,3.207,1.000
47.694,-65.930,-37.955,3.190,1.000
47.794,-66.157,-37.737,3.146,1.000
47.894,-66.386,-37.516,3.185,1.000
47.994,-66.612,-37.300,3.135,1.000
48.094,-66.841,-37.092,3.098,1.000
48.194,-67.074,-36.885,3.109,1.000
48.294,-67.338,-36.686,3.059,1.000
48.394,-67.564,-36.484,3.039,1.000
48.494,-67.789,-36.285,3.000,1.000
48.594,-68.009,-36.088,2.955,1.000
48.694,-68.230,-35.891,2.959,1.000
48.794,-68.451,-35.700,2.925,1.000
48.894,-68.674,-35.516,2.894,1.000
48.994,-68.902,-35.340,2.879,1.000
49.094,-69.131,-35.172,2.844,1.000
49.194,-69.361,-35.012,2.808,1.000
49.294,-69.591,-34.859,2.763,1.000
49.394,-69.824,-34.713,2.760,1.000
49.494,-70.066,-34.575,2.781,1.000
49.594,-70.315,-34.451,2.776,1.000
49.694,-70.569,-34.346,2.757,1.000
49.794,-70.831,-34.255,2.766,1.000
49.894,-71.100,-34.180,2.792,1.000
49.994,-71.376,-34.118,2.818,1.000
50.094,-71.663,-34.068,2.899,1.000
50.194,-71.959,-34.035,2.958,1.000
50.294,-72.257,-34.024,2.975,1.000
50.394,-72.559,-34.027,3.010,1.000
50.494,-72.867,-34.046,3.067,1.000
50.594,-73.177,-34.079,3.097,1.000
50.694,-73.489,-34.130,3.144,1.000
50.794,-73.802,-34.202,3.186,1.000
50.894,-74.116,-34.296,3.244,1.000
50.994,-74.428,-34.411,3.301,1.000
51.094,-74.730,-34.548,3.309,1.000
51.194,-75.033,-34.701,3.365,1.000
51.294,-75.328,-34.866,3.372,1.000
51.394,-75.625,-35.031,3.391,1.000
51.494,-75.927,-35.196,3.419,1.000
51.594,-76.218,-35.398,3.489,1.000
51.694,-76.493,-35.622,3.522,1.000
51.794,-76.757,-35.860,3.538,1.000
51.894,-77.018,-36.111,3.587,1.000
51.994,-77.280,-36.373,3.646,1.000
52.094,-77.547,-36.643,3.722,1.000
52.194,-77.803,-36.900,3.679,1.000
52.294,-78.059,-37.163,3.672,1.000
52.394,-78.315,-37.436,3.706,1.000
52.494,-78.549,-37.705,3.640,1.000
52.594,-78.773,-37.973,3.569,1.000
52.694,-78.992,-38.243,3.525,1.000
52.794,-79.212,-38.520,3.534,1.000
52.894,-79.425,-38.792,3.498,1.000
52.994,-79.623,-39.058,3.408,1.000
53.094,-79.816,-39.329,3.366,1.000
53.194,-80.008,-39.613,3.403,1.000
53.294,-80.185,-39.887,3.328,1.000
53.394,-80.354,-40.154,3.236,1.000
53.494,-80.522,-40.419,3.178,1.000
53.594,-80.694,-40.687,3.183,1.000
53.694,-80.866,-40.952,3.171,1.000
53.794,-81.036,-41.203,3.091,1.000
53.894,-81.216,-41.456,3.099,1.000
53.994,-81.404,-41.707,3.118,1.000
54.094,-81.598,-41.949,3.111,1.000
54.194,-81.799,-42.183,3.093,1.000
54.294,-82.006,-42.410,3.075,1.000
54.394,-82.215,-42.628,3.033,1.000
54.494,-82.425,-42.839,2.986,1.000
54.594,-82.635,-43.040,2.925,1.000
54.694,-82.852,-43.228,2.884,1.000
54.794,-83.081,-43.406,2.899,1.000
54.894,-83.321,-43.576,2.934,1.000
54.994,-83.573,-43.734,2.962,1.000
55.094,-83.826,-43.887,2.963,1.000
55.194,-84.079,-44.047,2.988,1.000
55.294,-84.331,-44.205,2.977,1.000
55.394,-84.593,-44.362,3.040,1.000
55.494,-84.864,-44.506,3.065,1.000
55.594,-85.146,-44.636,3.102,1.000
55.694,-85.440,-44.757,3.163,1.000
55.794,-85.740,-44.872,3.200,1.000
55.894,-86.043,-44.983,3.224,1.000
55.994,-86.349,-45.094,3.255,1.000
56.094,-86.653,-45.200,3.225,1.000
56.194,-86.961,-45.301,3.238,1.000
56.294,-87.267,-45.399,3.215,1.000
56.394,-87.573,-45.497,3.214,1.000
56.494,-87.878,-45.596,3.210,1.000
56.594,-88.181,-45.692,3.185,1.000
56.694,-88.478,-45.792,3.149,1.000
56.794,-88.778,-45.885,3.144,1.000
56.894,-89.073,-45.973,3.100,1.000
56.994,-89.370,-46.054,3.084,1.000
57.094,-89.669,-46.128,3.078,1.000
57.194,-89.971,-46.199,3.099,1.000
57.294,-90.268,-46.265,3.059,1.000
57.394,-90.566,-46.329,3.047,1.000
57.494,-90.855,-46.390,2.981,1.000
57.594,-91.142,-46.457,2.953,1.000
57.694,-91.418,-46.526,2.865,1.000
57.794,-91.682,-46.594,2.754,1.000
57.894,-91.942,-46.661,2.708,1.000
57.994,-92.199,-46.725,2.655,1.000
58.094,-92.451,-46.779,2.594,1.000
58.194,-92.703,-46.826,2.576,1.000
58.294,-92.954,-46.865,2.544,1.000
58.394,-93.198,-46.892,2.472,1.000
58.494,-93.445,-46.914,2.474,1.000
58.594,-93.684,-46.932,2.418,1.000
58.694,-93.921,-46.949,2.383,1.000
58.794,-94.151,-46.966,2.320,1.000
58.894,-94.377,-46.989,2.277,1.000
58.994,-94.588,-47.014,2.166,1.000
59.094,-94.802,-47.045,2.160,1.000
59.194,-95.015,-47.082,2.159,1.000
59.294,-95.232,-47.126,2.208,1.000
59.394,-95.447,-47.177,2.207,1.000
59.494,-95.665,-47.233,2.237,1.000
59.594,-95.877,-47.291,2.209,1.000
59.694,-96.090,-47.346,2.207,1.000
59.794,-96.296,-47.398,2.150,1.000
59.894,-96.503,-47.449,2.137,1.000
59.994,-96.706,-47.499,2.111,1.000
60.094,-96.914,-47.550,2.130,1.000
60.194,-97.114,-47.596,2.083,1.000
60.294,-97.321,-47.638,2.101,1.000
60.394,-97.527,-47.669,2.089,1.000
60.494,-97.738,-47.693,2.113,1.000
60.594,-97.945,-47.710,2.088,1.000
60.694,-98.159,-47.725,2.123,1.000
60.794,-98.372,-47.740,2.130,1.000
60.894,-98.590,-47.755,2.164,1.000
60.994,-98.805,-47.771,2.155,1.000
61.094,-99.026,-47.786,2.194,1.000
61.194,-99.251,-47.800,2.229,1.000
61.294,-99.477,-47.813,2.250,1.000
61.394,-99.707,-47.819,2.282,1.000
61.494,-99.940,-47.816,2.310,1.000
61.594,-100.174,-47.801,2.332,1.000
61.694,-100.409,-47.776,2.355,1.000
61.794,-100.646,-47.741,2.381,1.000
61.894,-100.886,-47.695,2.424,1.000
61.994,-101.127,-47.639,2.457,1.000
62.094,-101.365,-47.573,2.466,1.000
62.194,-101.612,-47.494,2.552,1.000
62.294,-101.855,-47.405,2.581,1.000
62.394,-102.097,-47.303,2.614,1.000
62.494,-102.340,-47.190,2.668,1.000
62.594,-102.586,-47.063,2.747,1.000
62.694,-102.827,-46.925,2.772,1.000
62.794,-103.064,-46.779,2.781,1.000
62.894,-103.294,-46.629,2.753,1.000
62.994,-103.530,-46.472,2.822,1.000
63.094,-103.766,-46.311,2.854,1.000
63.194,-104.005,-46.146,2.893,1.000
63.294,-104.240,-45.980,2.881,1.000
63.394,-104.479,-45.810,2.923,1.000
63.494,-104.714,-45.638,2.915,1.000
63.594,-104.949,-45.459,2.951,1.000
63.694,-105.179,-45.275,2.943,1.000
63.794,-105.407,-45.084,2.976,1.000
63.894,-105.631,-44.886,2.989,1.000
63.994,-105.854,-44.681,3.026,1.000
64.094,-106.073,-44.474,3.013,1.000
64.194,-106.291,-44.267,3.007,1.000
64.294,-106.509,-44.061,3.003,1.000
64.394,-106.733,-43.851,3.067,1.000
64.494,-106.957,-43.639,3.074,1.000
64.594,-107.182,-43.422,3.128,1.000
64.694,-107.404,-43.203,3.114,1.000
64.794,-107.625,-42.981,3.135,1.000
64.894,-107.843,-42.759,3.108,1.000
64.994,-108.057,-42.538,3.082,1.000
65.094,-108.269,-42.319,3.055,1.000
65.194,-108.486,-42.095,3.109,1.000
65.294,-108.707,-41.870,3.151,1.000
65.394,-108.929,-41.646,3.152,1.000
65.494,-109.156,-41.421,3.194,1.000
65.594,-109.387,-41.193,3.245,1.000
65.694,-109.618,-40.971,3.210,1.000
65.794,-109.856,-40.751,3.233,1.000
65.894,-110.097,-40.536,3.227,1.000
65.994,-110.343,-40.325,3.245,1.000
66.094,-110.590,-40.115,3.242,1.000
66.194,-110.833,-39.909,3.185,1.000
66.294,-111.079,-39.700,3.225,1.000
66.394,-111.329,-39.492,3.251,1.000
66.494,-111.580,-39.286,3.248,1.000
66.594,-111.835,-39.082,3.268,1.000
66.694,-112.095,-38.879,3.290,1.000
66.794,-112.356,-38.679,3.295,1.000
66.894,-112.623,-38.478,3.331,1.000
66.994,-112.883,-38.283,3.260,1.000
67.094,-113.149,-38.086,3.306,1.000
67.194,-113.422,-37.888,3.367,1.000
67.294,-113.697,-37.695,3.360,1.000
67.394,-113.975,-37.507,3.355,1.000
67.494,-114.258,-37.321,3.385,1.000
67.594,-114.540,-37.140,3.349,1.000
67.694,-114.820,-36.963,3.319,1.000
67.794,-115.099,-36.791,3.287,1.000
67.894,-115.379,-36.625,3.254,1.000
67.994,-115.660,-36.462,3.246,1.000
68.094,-115.942,-36.304,3.233,1.000
68.194,-116.223,-36.149,3.211,1.000
68.294,-116.509,-35.993,3.255,1.000
68.394,-116.799,-35.841,3.274,1.000
68.494,-117.088,-35.692,3.256,1.000
68.594,-117.377,-35.543,3.246,1.000
68.694,-117.664,-35.392,3.243,1.000
68.794,-117.951,-35.241,3.250,1.000
68.894,-118.238,-35.093,3.228,1.000
68.994,-118.524,-34.948,3.206,1.000
69.094,-118.811,-34.804,3.215,1.000
69.194,-119.099,-34.660,3.220,1.000
69.294,-119.385,-34.521,3.183,1.000
69.394,-119.670,-34.384,3.162,1.000
69.494,-119.953,-34.246,3.154,1.000
69.594,-120.235,-34.106,3.147,1.000
69.694,-120.519,-33.967,3.158,1.000
69.794,-120.801,-33.825,3.158,1.000
69.894,-121.086,-33.678,3.203,1.000
69.994,-121.374,-33.529,3.236,1.000
70.094,-121.661,-33.378,3.242,1.000
70.194,-121.947,-33.230,3.229,1.000
70.294,-122.238,-33.082,3.254,1.000
70.394,-122.527,-32.938,3.238,1.000
70.494,-122.819,-32.795,3.249,1.000
70.594,-123.109,-32.654,3.221,1.000
70.694,-123.402,-32.513,3.254,1.000
70.794,-123.695,-32.370,3.264,1.000
70.894,-123.992,-32.222,3.314,1.000
70.994,-124.286,-32.074,3.286,1.000
71.094,-124.582,-31.926,3.309,1.000
71.194,-124.876,-31.780,3.285,1.000
71.294,-125.173,-31.633,3.309,1.000
71.394,-125.468,-31.489,3.290,1.000
71.494,-125.767,-31.347,3.305,1.000
71.594,-126.066,-31.208,3.298,1.000
71.694,-126.371,-31.068,3.353,1.000
71.794,-126.674,-30.931,3.322,1.000
71.894,-126.981,-30.795,3.356,1.000
71.994,-127.288,-30.671,3.317,1.000
72.094,-127.597,-30.556,3.297,1.000
72.194,-127.910,-30.447,3.313,1.000
72.294,-128.225,-30.341,3.323,1.000
72.394,-128.538,-30.237,3.305,1.000
72.494,-128.854,-30.134,3.319,1.000
72.594,-129.168,-30.032,3.305,1.000
72.694,-129.483,-29.931,3.307,1.000
72.794,-129.798,-29.830,3.310,1.000
72.894,-130.116,-29.730,3.327,1.000
72.994,-130.432,-29.630,3.314,1.000
73.094,-130.747,-29.534,3.301,1.000
73.194,-131.063,-29.441,3.288,1.000
73.294,-131.383,-29.351,3.320,1.000
73.394,-131.703,-29.269,3.311,1.000
73.494,-132.027,-29.189,3.334,1.000
73.594,-132.350,-29.109,3.331,1.000
73.694,-132.676,-29.026,3.355,1.000
73.794,-133.002,-28.940,3.377,1.000
73.894,-133.331,-28.850,3.400,1.000
73.994,-133.658,-28.760,3.397,1.000
74.094,-133.987,-28.668,3.420,1.000
74.194,-134.314,-28.574,3.397,1.000
74.294,-134.640,-28.481,3.390,1.000
74.394,-134.972,-28.389,3.443,1.000
74.494,-135.302,-28.299,3.427,1.000
74.594,-135.636,-28.211,3.451,1.000
74.694,-135.970,-28.127,3.442,1.000
74.794,-136.302,-28.044,3.427,1.000
74.894,-136.635,-27.959,3.427,1.000
74.994,-136.968,-27.873,3.448,1.000
75.094,-137.302,-27.785,3.447,1.000
75.194,-137.637,-27.697,3.467,1.000
75.294,-137.970,-27.614,3.432,1.000
75.394,-138.306,-27.534,3.453,1.000
75.494,-138.642,-27.460,3.442,1.000
75.594,-138.981,-27.389,3.456,1.000
75.694,-139.316,-27.323,3.426,1.000
75.794,-139.651,-27.257,3.410,1.000
75.894,-139.986,-27.195,3.408,1.000
75.994,-140.324,-27.135,3.427,1.000
76.094,-140.657,-27.081,3.379,1.000
76.194,-140.995,-27.034,3.415,1.000
76.294,-141.334,-26.995,3.412,1.000
76.394,-141.672,-26.960,3.402,1.000
76.494,-142.011,-26.932,3.394,1.000
76.594,-142.351,-26.909,3.410,1.000
76.694,-142.691,-26.888,3.405,1.000
76.794,-143.030,-26.868,3.398,1.000
76.894,-143.365,-26.848,3.357,1.000
76.994,-143.700,-26.827,3.361,1.000
77.094,-144.037,-26.808,3.374,1.000
77.194,-144.372,-26.788,3.356,1.000
77.294,-144.706,-26.769,3.341,1.000
77.394,-145.035,-26.751,3.304,1.000
77.494,-145.366,-26.736,3.308,1.000
77.594,-145.693,-26.721,3.281,1.000
77.694,-146.022,-26.701,3.289,1.000
77.794,-146.351,-26.676,3.301,1.000
77.894,-146.680,-26.643,3.305,1.000
77.994,-147.009,-26.605,3.316,1.000
78.094,-147.345,-26.581,3.359,1.000
78.194,-147.676,-26.574,3.320,1.000
78.294,-148.012,-26.570,3.356,1.000
78.394,-148.347,-26.566,3.353,1.000
78.494,-148.678,-26.561,3.314,1.000
78.594,-149.008,-26.557,3.298,1.000
78.694,-149.340,-26.554,3.321,1.000
78.794,-149.676,-26.555,3.351,1.000
78.894,-150.009,-26.559,3.331,1.000
78.994,-150.342,-26.567,3.337,1.000
79.094,-150.680,-26.579,3.378,1.000
79.194,-151.018,-26.594,3.377,1.000
79.294,-151.348,-26.611,3.315,1.000
79.394,-151.684,-26.631,3.355,1.000
79.494,-152.020,-26.655,3.367,1.000
79.594,-152.353,-26.682,3.345,1.000
79.694,-152.681,-26.713,3.306,1.000
79.794,-153.016,-26.746,3.355,1.000
79.894,-153.349,-26.782,3.353,1.000
79.994,-153.681,-26.820,3.344,1.000
80.094,-154.003,-26.859,3.253,1.000
80.194,-154.333,-26.901,3.321,1.000
80.294,-154.660,-26.944,3.299,1.000
80.394,-154.985,-26.988,3.279,1.000
80.494,-155.301,-27.036,3.204,1.000
80.594,-155.624,-27.089,3.269,1.000
80.694,-155.946,-27.144,3.263,1.000
80.794,-156.268,-27.197,3.264,1.000
80.894,-156.584,-27.248,3.206,1.000
80.994,-156.910,-27.297,3.297,1.000
81.094,-157.231,-27.364,3.281,1.000
81.194,-157.536,-27.475,3.244,1.000
81.294,-157.845,-27.575,3.245,1.000
81.394,-158.153,-27.676,3.245,1.000
81.494,-158.447,-27.775,3.107,1.000
81.594,-158.736,-27.873,3.063,1.000
81.694,-159.030,-27.975,3.106,1.000
81.794,-159.322,-28.079,3.094,1.000
81.894,-159.604,-28.181,3.013,1.000
81.994,-159.880,-28.282,2.948,1.000
82.094,-160.160,-28.390,2.993,1.000
82.194,-160.426,-28.495,2.873,1.000
82.294,-160.684,-28.603,2.797,1.000
82.394,-160.941,-28.715,2.805,1.000
82.494,-161.206,-28.836,2.910,1.000
82.594,-161.468,-28.960,2.890,1.000
82.694,-161.720,-29.081,2.809,1.000
82.794,-161.973,-29.206,2.814,1.000
82.894,-162.232,-29.336,2.893,1.000
82.994,-162.486,-29.466,2.862,1.000
83.094,-162.737,-29.595,2.828,1.000
83.194,-162.988,-29.724,2.813,1.000
83.294,-163.237,-29.854,2.815,1.000
83.394,-163.481,-29.985,2.776,1.000
83.494,-163.719,-30.114,2.711,1.000
83.594,-163.966,-30.249,2.806,1.000
83.694,-164.217,-30.384,2.849,1.000
83.794,-164.465,-30.518,2.823,1.000
83.894,-164.714,-30.653,2.825,1.000
83.994,-164.962,-30.787,2.822,1.000
84.094,-165.208,-30.922,2.810,1.000
84.194,-165.456,-31.062,2.842,1.000
84.294,-165.706,-31.205,2.882,1.000
84.394,-165.958,-31.354,2.918,1.000
84.494,-166.210,-31.506,2.943,1.000
84.594,-166.460,-31.659,2.936,1.000
84.694,-166.708,-31.811,2.902,1.000
84.794,-166.960,-31.966,2.958,1.000
84.894,-167.210,-32.121,2.942,1.000
84.994,-167.465,-32.280,2.997,1.000
85.094,-167.724,-32.442,3.054,1.000
85.194,-167.982,-32.605,3.056,1.000
85.294,-168.238,-32.770,3.046,1.000
85.394,-168.495,-32.937,3.059,1.000
85.494,-168.746,-33.103,3.013,1.000
85.594,-169.001,-33.275,3.072,1.000
85.694,-169.255,-33.448,3.075,1.000
85.794,-169.509,-33.624,3.087,1.000
85.894,-169.764,-33.799,3.091,1.000
85.994,-170.015,-33.974,3.065,1.000
86.094,-170.264,-34.150,3.051,1.000
86.194,-170.513,-34.329,3.063,1.000
86.294,-170.762,-34.512,3.088,1.000
86.394,-171.017,-34.704,3.187,1.000
86.494,-171.267,-34.893,3.134,1.000
86.594,-171.516,-35.081,3.120,1.000
86.694,-171.769,-35.267,3.142,1.000
86.794,-172.027,-35.450,3.160,1.000
86.894,-172.284,-35.631,3.149,1.000
86.994,-172.543,-35.813,3.157,1.000
87.094,-172.801,-35.993,3.148,1.000
87.194,-173.065,-36.173,3.193,1.000
87.294,-173.325,-36.347,3.136,1.000
87.394,-173.584,-36.519,3.114,1.000
87.494,-173.849,-36.693,3.158,1.000
87.594,-174.116,-36.865,3.174,1.000
87.694,-174.382,-37.035,3.166,1.000
87.794,-174.649,-37.205,3.163,1.000
87.894,-174.916,-37.374,3.161,1.000
87.994,-175.191,-37.547,3.238,1.000
88.094,-175.462,-37.716,3.202,1.000
88.194,-175.734,-37.884,3.198,1.000
88.294,-176.012,-38.058,3.274,1.000
88.394,-176.290,-38.235,3.294,1.000
88.494,-176.569,-38.417,3.321,1.000
88.594,-176.848,-38.598,3.327,1.000
88.694,-177.130,-38.778,3.348,1.000
88.794,-177.419,-38.960,3.408,1.000
88.894,-177.710,-39.151,3.479,1.000
88.994,-178.002,-39.349,3.518,1.000
89.094,-178.299,-39.554,3.604,1.000
89.194,-178.599,-39.763,3.658,1.000
89.294,-178.902,-39.976,3.697,1.000
89.394,-179.203,-40.188,3.683,1.000
89.494,-179.509,-40.406,3.753,1.000
89.594,-179.818,-40.626,3.785,1.000
89.694,-180.132,-40.847,3.832,1.000
89.794,-180.443,-41.066,3.812,1.000
89.894,-180.757,-41.286,3.830,1.000
89.994,-181.067,-41.507,3.810,1.000
90.094,-181.379,-41.735,3.856,1.000
90.194,-181.686,-41.961,3.820,1.000
90.294,-181.999,-42.195,3.901,1.000
90.394,-182.310,-42.430,3.896,1.000
90.494,-182.625,-42.669,3.955,1.000
90.594,-182.931,-42.903,3.851,1.000
90.694,-183.237,-43.135,3.846,1.000
90.794,-183.541,-43.367,3.826,1.000
90.894,-183.849,-43.600,3.856,1.000
90.994,-184.152,-43.827,3.794,1.000
91.094,-184.459,-44.056,3.830,1.000
91.194,-184.761,-44.283,3.780,1.000
91.294,-185.064,-44.511,3.795,1.000
91.394,-185.355,-44.730,3.653,1.000
91.494,-185.647,-44.950,3.656,1.000
91.594,-185.934,-45.168,3.600,1.000
91.694,-186.221,-45.388,3.624,1.000
91.794,-186.506,-45.608,3.598,1.000
91.894,-186.785,-45.829,3.565,1.000
91.994,-187.063,-46.052,3.560,1.000
92.094,-187.344,-46.280,3.612,1.000
92.194,-187.619,-46.505,3.553,1.000
92.294,-187.890,-46.734,3.554,1.000
92.394,-188.155,-46.965,3.524,1.000
92.494,-188.420,-47.203,3.553,1.000
92.594,-188.680,-47.442,3.531,1.000
92.694,-188.935,-47.681,3.506,1.000
92.794,-189.187,-47.926,3.510,1.000
92.894,-189.435,-48.177,3.527,1.000
92.994,-189.674,-48.432,3.498,1.000
93.094,-189.907,-48.693,3.501,1.000
93.194,-190.136,-48.959,3.507,1.000
93.294,-190.363,-49.232,3.549,1.000
93.394,-190.586,-49.507,3.540,1.000
93.494,-190.804,-49.782,3.515,1.000
93.594,-191.020,-50.060,3.515,1.000
93.694,-191.238,-50.340,3.542,1.000
93.794,-191.456,-50.621,3.563,1.000
93.894,-191.675,-50.901,3.554,1.000
93.994,-191.893,-51.180,3.536,1.000
94.094,-192.111,-51.458,3.541,1.000
94.194,-192.326,-51.738,3.528,1.000
94.294,-192.538,-52.024,3.557,1.000
94.394,-192.748,-52.314,3.578,1.000
94.494,-192.955,-52.607,3.587,1.000
94.594,-193.163,-52.900,3.594,1.000
94.694,-193.371,-53.192,3.584,1.000
94.794,-193.584,-53.485,3.614,1.000
94.894,-193.799,-53.781,3.664,1.000
94.994,-194.013,-54.078,3.657,1.000
95.094,-194.225,-54.376,3.657,1.000
95.194,-194.431,-54.676,3.637,1.000
95.294,-194.633,-54.980,3.656,1.000
95.394,-194.833,-55.290,3.685,1.000
95.494,-195.031,-55.603,3.703,1.000
95.594,-195.225,-55.920,3.713,1.000
95.694,-195.414,-56.240,3.720,1.000
95.794,-195.597,-56.559,3.677,1.000
95.894,-195.781,-56.880,3.701,1.000
95.994,-195.965,-57.203,3.716,1.000
96.094,-196.148,-57.529,3.740,1.000
96.194,-196.329,-57.854,3.715,1.000
96.294,-196.506,-58.178,3.694,1.000
96.394,-196.683,-58.507,3.735,1.000
96.494,-196.857,-58.841,3.759,1.000
96.594,-197.025,-59.176,3.754,1.000
96.694,-197.188,-59.515,3.764,1.000
96.794,-197.347,-59.857,3.770,1.000
96.894,-197.500,-60.200,3.753,1.000
96.994,-197.650,-60.548,3.784,1.000
97.094,-197.801,-60.896,3.799,1.000
97.194,-197.953,-61.244,3.793,1.000
97.294,-198.104,-61.589,3.775,1.000
97.394,-198.254,-61.936,3.775,1.000
97.494,-198.404,-62.286,3.804,1.000
97.594,-198.554,-62.638,3.831,1.000
97.694,-198.704,-62.993,3.848,1.000
97.794,-198.847,-63.349,3.839,1.000
97.894,-198.985,-63.709,3.853,1.000
97.994,-199.119,-64.071,3.862,1.000
98.094,-199.250,-64.433,3.845,1.000
98.194,-199.380,-64.795,3.845,1.000
98.294,-199.510,-65.161,3.881,1.000
98.394,-199.640,-65.526,3.877,1.000
98.494,-199.768,-65.890,3.861,1.000
98.594,-199.898,-66.257,3.895,1.000
98.694,-200.035,-66.623,3.906,1.000
98.794,-200.176,-66.991,3.938,1.000
98.894,-200.320,-67.358,3.939,1.000
98.994,-200.465,-67.718,3.893,1.000
99.094,-200.610,-68.082,3.910,1.000
99.194,-200.753,-68.448,3.931,1.000
99.294,-200.898,-68.816,3.948,1.000
99.394,-201.041,-69.183,3.943,1.000
99.494,-201.180,-69.550,3.926,1.000
99.594,-201.316,-69.916,3.906,1.000
99.694,-201.452,-70.280,3.881,1.000
99.794,-201.588,-70.641,3.862,1.000
99.894,-201.727,-71.001,3.861,1.000
99.994,-201.867,-71.356,3.822,1.000
100.094,-202.009,-71.712,3.828,1.000
100.194,-202.150,-72.068,3.826,1.000
100.294,-202.291,-72.424,3.831,1.000
100.394,-202.428,-72.781,3.823,1.000
100.494,-202.561,-73.137,3.803,1.000
100.594,-202.691,-73.494,3.805,1.000
100.694,-202.826,-73.847,3.779,1.000
100.794,-202.958,-74.190,3.685,1.000
100.894,-203.087,-74.536,3.692,1.000
100.994,-203.217,-74.873,3.618,1.000
101.094,-203.346,-75.203,3.551,1.000
101.194,-203.474,-75.527,3.487,1.000
101.294,-203.600,-75.841,3.390,1.000
101.394,-203.730,-76.157,3.411,1.000
101.494,-203.863,-76.472,3.418,1.000
101.594,-203.995,-76.783,3.386,1.000
101.694,-204.127,-77.098,3.407,1.000
101.794,-204.254,-77.409,3.365,1.000
101.894,-204.378,-77.717,3.326,1.000
101.994,-204.508,-78.031,3.392,1.000
102.094,-204.638,-78.340,3.355,1.000
102.194,-204.768,-78.654,3.392,1.000
102.294,-204.896,-78.965,3.372,1.000
102.394,-205.025,-79.276,3.366,1.000
102.494,-205.156,-79.589,3.388,1.000
102.594,-205.289,-79.904,3.422,1.000
102.694,-205.422,-80.216,3.393,1.000
102.794,-205.558,-80.532,3.429,1.000
102.894,-205.693,-80.844,3.401,1.000
102.994,-205.830,-81.161,3.451,1.000
103.094,-205.967,-81.476,3.441,1.000
103.194,-206.108,-81.794,3.478,1.000
103.294,-206.252,-82.116,3.524,1.000
103.394,-206.400,-82.442,3.572,1.000
103.494,-206.552,-82.773,3.634,1.000
103.594,-206.709,-83.106,3.680,1.000
103.694,-206.868,-83.441,3.710,1.000
103.794,-207.029,-83.777,3.722,1.000
103.894,-207.192,-84.112,3.725,1.000
103.994,-207.359,-84.444,3.717,1.000
104.094,-207.528,-84.772,3.692,1.000
104.194,-207.695,-85.098,3.667,1.000
104.294,-207.864,-85.424,3.673,1.000
104.394,-208.034,-85.747,3.648,1.000
104.494,-208.202,-86.063,3.585,1.000
104.594,-208.372,-86.377,3.570,1.000
104.694,-208.544,-86.690,3.576,1.000
104.794,-208.715,-87.002,3.554,1.000
104.894,-208.882,-87.309,3.502,1.000
104.994,-209.045,-87.614,3.461,1.000
105.094,-209.210,-87.919,3.468,1.000
105.194,-209.374,-88.223,3.456,1.000
105.294,-209.543,-88.524,3.448,1.000
105.394,-209.714,-88.818,3.405,1.000
105.494,-209.891,-89.113,3.438,1.000
105.594,-210.071,-89.401,3.400,1.000
105.694,-210.254,-89.682,3.356,1.000
105.794,-210.439,-89.959,3.333,1.000
105.894,-210.628,-90.237,3.361,1.000
105.994,-210.821,-90.514,3.374,1.000
106.094,-211.017,-90.789,3.376,1.000
106.194,-211.209,-91.061,3.335,1.000
106.294,-211.402,-91.337,3.361,1.000
106.394,-211.591,-91.612,3.346,1.000
106.494,-211.776,-91.887,3.312,1.000
106.594,-211.958,-92.164,3.310,1.000
106.694,-212.140,-92.447,3.360,1.000
106.794,-212.318,-92.728,3.330,1.000
106.894,-212.500,-93.011,3.367,1.000
106.994,-212.680,-93.296,3.373,1.000
107.094,-212.862,-93.585,3.407,1.000
107.194,-213.038,-93.872,3.369,1.000
107.294,-213.215,-94.160,3.377,1.000
107.394,-213.388,-94.443,3.328,1.000
107.494,-213.564,-94.730,3.364,1.000
107.594,-213.739,-95.011,3.309,1.000
107.694,-213.918,-95.290,3.319,1.000
107.794,-214.102,-95.567,3.321,1.000
107.894,-214.290,-95.841,3.318,1.000
107.994,-214.476,-96.109,3.278,1.000
108.094,-214.667,-96.380,3.303,1.000
108.194,-214.854,-96.650,3.289,1.000
108.294,-215.047,-96.925,3.354,1.000
108.394,-215.241,-97.196,3.337,1.000
108.494,-215.441,-97.467,3.366,1.000
108.594,-215.648,-97.738,3.401,1.000
108.694,-215.858,-98.006,3.407,1.000
108.794,-216.070,-98.270,3.386,1.000
108.894,-216.284,-98.534,3.398,1.000
108.994,-216.494,-98.800,3.391,1.000
109.094,-216.707,-99.070,3.433,1.000
109.194,-216.918,-99.335,3.399,1.000
109.294,-217.131,-99.598,3.381,1.000
109.394,-217.348,-99.857,3.381,1.000
109.494,-217.568,-100.116,3.396,1.000
109.594,-217.791,-100.374,3.407,1.000
109.694,-218.014,-100.630,3.394,1.000
109.794,-218.242,-100.885,3.428,1.000
109.894,-218.476,-101.139,3.446,1.000
109.994,-218.715,-101.390,3.464,1.000
110.094,-218.954,-101.638,3.441,1.000
110.194,-219.198,-101.881,3.445,1.000
110.294,-219.447,-102.120,3.455,1.000
110.394,-219.696,-102.357,3.439,1.000
110.494,-219.946,-102.597,3.458,1.000
110.594,-220.195,-102.840,3.482,1.000
110.694,-220.440,-103.082,3.447,1.000
110.794,-220.683,-103.322,3.417,1.000
110.894,-220.926,-103.560,3.404,1.000
110.994,-221.176,-103.792,3.407,1.000
111.094,-221.431,-104.019,3.412,1.000
111.194,-221.689,-104.245,3.431,1.000
111.294,-221.949,-104.469,3.433,1.000
111.394,-222.209,-104.696,3.449,1.000
111.494,-222.465,-104.921,3.410,1.000
111.594,-222.719,-105.147,3.403,1.000
111.694,-222.973,-105.381,3.447,1.000
111.794,-223.225,-105.619,3.470,1.000
111.894,-223.472,-105.859,3.446,1.000
111.994,-223.714,-106.098,3.404,1.000
112.094,-223.956,-106.339,3.413,1.000
112.194,-224.197,-106.581,3.416,1.000
112.294,-224.437,-106.824,3.416,1.000
112.394,-224.675,-107.068,3.405,1.000
112.494,-224.916,-107.314,3.437,1.000
112.594,-225.158,-107.561,3.457,1.000
112.694,-225.400,-107.805,3.441,1.000
112.794,-225.641,-108.045,3.407,1.000
112.894,-225.885,-108.284,3.409,1.000
112.994,-226.128,-108.520,3.395,1.000
113.094,-226.374,-108.756,3.405,1.000
113.194,-226.620,-108.993,3.412,1.000
113.294,-226.862,-109.232,3.409,1.000
113.394,-227.100,-109.479,3.420,1.000
113.494,-227.331,-109.725,3.382,1.000
113.594,-227.561,-109.970,3.365,1.000
113.694,-227.796,-110.215,3.391,1.000
113.794,-228.029,-110.462,3.393,1.000
113.894,-228.258,-110.712,3.388,1.000
113.994,-228.485,-110.967,3.416,1.000
114.094,-228.710,-111.224,3.415,1.000
114.194,-228.936,-111.478,3.398,1.000
114.294,-229.163,-111.732,3.408,1.000
114.394,-229.389,-111.985,3.395,1.000
114.494,-229.619,-112.240,3.431,1.000
114.594,-229.847,-112.494,3.415,1.000
114.694,-230.072,-112.745,3.378,1.000
114.794,-230.299,-112.998,3.396,1.000
114.894,-230.527,-113.253,3.412,1.000
114.994,-230.751,-113.506,3.387,1.000
115.094,-230.975,-113.761,3.390,1.000
115.194,-231.195,-114.015,3.365,1.000
115.294,-231.417,-114.270,3.384,1.000
115.394,-231.637,-114.521,3.336,1.000
115.494,-231.857,-114.770,3.325,1.000
115.594,-232.077,-115.019,3.324,1.000
115.694,-232.299,-115.270,3.349,1.000
115.794,-232.519,-115.518,3.314,1.000
115.894,-232.738,-115.764,3.302,1.000
115.994,-232.952,-116.003,3.212,1.000
116.094,-233.169,-116.244,3.235,1.000
116.194,-233.379,-116.482,3.181,1.000
116.294,-233.585,-116.723,3.169,1.000
116.394,-233.785,-116.963,3.128,1.000
116.494,-233.980,-117.205,3.111,1.000
116.594,-234.174,-117.451,3.135,1.000
116.694,-234.364,-117.697,3.107,1.000
116.794,-234.549,-117.938,3.043,1.000
116.894,-234.736,-118.183,3.081,1.000
116.994,-234.918,-118.425,3.032,1.000
117.094,-235.097,-118.667,3.015,1.000
117.194,-235.267,-118.905,2.931,1.000
117.294,-235.435,-119.145,2.931,1.000
117.394,-235.600,-119.387,2.922,1.000
117.494,-235.759,-119.628,2.888,1.000
117.594,-235.914,-119.868,2.867,1.000
117.694,-236.072,-120.113,2.912,1.000
117.794,-236.226,-120.357,2.881,1.000
117.894,-236.376,-120.598,2.847,1.000
117.994,-236.522,-120.839,2.817,1.000
118.094,-236.668,-121.077,2.793,1.000
118.194,-236.814,-121.315,2.794,1.000
118.294,-236.959,-121.553,2.782,1.000
118.394,-237.100,-121.787,2.742,1.000
118.494,-237.240,-122.026,2.763,1.000
118.594,-237.375,-122.261,2.716,1.000
118.694,-237.508,-122.496,2.705,1.000
118.794,-237.639,-122.729,2.674,1.000
118.894,-237.771,-122.964,2.691,1.000
118.994,-237.903,-123.195,2.666,1.000
119.094,-238.032,-123.421,2.602,1.000
119.194,-238.159,-123.642,2.556,1.000
119.294,-238.287,-123.866,2.580,1.000
119.394,-238.411,-124.088,2.549,1.000
119.494,-238.533,-124.311,2.540,1.000
119.594,-238.653,-124.533,2.525,1.000
119.694,-238.772,-124.757,2.536,1.000
119.794,-238.889,-124.981,2.531,1.000
119.894,-239.002,-125.201,2.481,1.000
119.994,-239.108,-125.416,2.413,1.000
120.094,-239.212,-125.627,2.365,1.000
120.194,-239.314,-125.841,2.364,1.000
120.294,-239.412,-126.048,2.310,1.000
120.394,-239.508,-126.257,2.297,1.000
120.494,-239.603,-126.463,2.279,1.000
120.594,-239.697,-126.668,2.260,1.000
120.694,-239.783,-126.861,2.149,1.000
120.794,-239.866,-127.044,2.045,1.000
120.894,-239.944,-127.216,1.936,1.000
120.994,-240.019,-127.384,1.870,1.000
121.094,-240.090,-127.541,1.767,1.000
121.194,-240.155,-127.687,1.658,1.000
121.294,-240.216,-127.821,1.537,1.000
121.394,-240.270,-127.942,1.391,1.000
121.494,-240.319,-128.052,1.253,1.000
121.594,-240.363,-128.150,1.106,1.000
121.694,-240.403,-128.238,0.984,1.000
121.794,-240.438,-128.318,0.886,1.000
121.894,-240.469,-128.386,0.760,1.000
121.994,-240.496,-128.446,0.669,1.000
122.094,-240.518,-128.494,0.542,1.000
122.194,-240.536,-128.535,0.455,1.000
122.294,-240.551,-128.569,0.375,1.000
122.394,-240.551,-128.570,0.040,1.000
122.494,-240.553,-128.573,0.007,1.000
122.594,-240.553,-128.573,0.001,1.000
122.694,-240.553,-128.573,0.000,1.000
122.794,-240.553,-128.573,0.000,1.000
122.894,-240.553,-128.573,0.000,1.000
122.994,-240.553,-128.573,0.000,1.000
123.094,-240.553,-128.573,0.000,1.000
123.194,-240.553,-128.573,0.000,1.000
123.294,-240.553,-128.573,0.000,1.000
123.394,-240.553,-128.573,0.000,1.000
123.494,-240.553,-128.573,0.000,1.000
123.594,-240.553,-128.573,0.000,1.000
123.694,-240.553,-128.573,0.000,1.000
123.794,-240.553,-128.573,0.000,1.000
123.894,-240.553,-128.573,0.000,1.000
123.994,-240.553,-128.573,0.000,1.000
124.094,-240.553,-128.573,0.000,1.000
124.194,-240.553,-128.573,0.000,1.000
124.294,-240.553,-128.573,0.000,1.000
124.394,-240.553,-128.573,0.000,1.000
124.494,-240.553,-128.573,0.000,1.000
124.594,-240.553,-128.573,0.000,1.000
124.694,-240.553,-128.573,0.000,1.000
124.794,-240.553,-128.573,0.000,1.000
124.894,-240.553,-128.573,0.000,1.000
124.994,-240.553,-128.573,0.000,1.000
125.094,-240.553,-128.573,0.000,1.000
125.194,-240.553,-128.573,0.000,1.000
125.294,-240.553,-128.573,0.000,1.000
125.394,-240.553,-128.573,0.000,1.000
125.494,-240.553,-128.573,0.000,1.000
125.594,-240.553,-128.573,0.000,1.000
125.694,-240.553,-128.573,0.000,1.000
125.794,-240.553,-128.573,0.000,1.000
125.894,-240.553,-128.573,0.000,1.000
125.994,-240.553,-128.573,0.000,1.000
126.094,-240.553,-128.573,0.000,1.000
126.194,-240.553,-128.573,0.000,1.000
126.294,-240.553,-128.573,0.000,1.000
126.394,-240.553,-128.573,0.000,1.000
126.494,-240.553,-128.573,0.000,1.000
126.594,-240.553,-128.573,0.000,1.000
126.694,-240.553,-128.573,0.000,1.000
126.794,-240.553,-128.573,0.000,1.000
126.894,-240.553,-128.573,0.000,1.000
126.994,-240.553,-128.573,0.000,1.000
127.094,-240.553,-128.573,0.009,1.000
127.194,-240.553,-128.574,0.008,1.000
127.294,-240.554,-128.575,0.004,1.000
127.394,-240.554,-128.575,0.002,1.000
127.494,-240.554,-128.575,0.000,1.000
127.594,-240.554,-128.575,0.000,1.000
127.694,-240.554,-128.575,0.000,1.000
127.794,-240.554,-128.575,0.000,1.000
127.894,-240.554,-128.575,0.000,1.000
127.994,-240.554,-128.575,0.000,1.000
128.094,-240.554,-128.575,0.000,1.000
128.194,-240.554,-128.575,0.000,1.000
128.294,-240.554,-128.575,0.000,1.000
128.394,-240.554,-128.575,0.000,1.000
128.494,-240.554,-128.575,0.000,1.000
128.594,-240.554,-128.575,0.000,1.000
128.694,-240.554,-128.575,0.000,1.000
128.794,-240.554,-128.575,0.000,1.000
128.894,-240.554,-128.575,0.000,1.000
128.994,-240.554,-128.575,0.000,1.000
129.094,-240.554,-128.575,0.000,1.000
129.194,-240.554,-128.575,0.000,1.000
129.294,-240.554,-128.575,0.000,1.000
129.394,-240.554,-128.575,0.000,1.000
129.494,-240.554,-128.575,0.000,1.000
129.594,-240.554,-128.575,0.000,1.000
129.694,-240.554,-128.575,0.000,1.000
129.794,-240.554,-128.575,0.000,1.000
129.894,-240.554,-128.575,0.000,1.000
129.994,-240.554,-128.575,0.000,1.000
130.094,-240.554,-128.575,0.000,1.000
130.194,-240.554,-128.575,0.000,1.000
133.494,-240.554,-128.575,0.000,1.000
133.694,-240.554,-128.575,0.000,1.000
134.094,-240.554,-128.575,0.000,1.000
134.294,-240.554,-128.575,0.000,1.000
134.794,-240.554,-128.575,0.000,1.000
134.894,-240.554,-128.575,0.000,1.000
135.094,-240.554,-128.575,0.000,1.000
135.194,-240.554,-128.575,0.000,1.000
135.294,-240.554,-128.575,0.000,1.000
135.794,-240.554,-128.575,0.000,1.000
136.694,-240.554,-128.575,0.000,1.000
136.994,-240.554,-128.575,0.000,1.000
137.394,-240.554,-128.575,0.000,1.000
137.594,-240.554,-128.575,0.000,1.000
137.794,-240.554,-128.575,0.000,1.000
138.094,-240.554,-128.575,0.000,1.000
138.294,-240.554,-128.575,0.000,1.000
138.994,-240.554,-128.575,0.000,1.000
139.694,-240.554,-128.575,0.000,1.000
140.494,-240.554,-128.575,0.000,1.000
140.594,-240.554,-128.575,0.000,1.000
140.894,-240.554,-128.575,0.000,1.000
141.394,-240.554,-128.575,0.000,1.000
141.694,-240.554,-128.575,0.000,1.000
141.994,-240.554,-128.575,0.000,1.000
142.494,-240.554,-128.575,0.000,1.000
142.694,-240.554,-128.575,0.000,1.000
143.094,-240.554,-128.575,0.000,1.000
143.394,-240.554,-128.575,0.000,1.000
143.594,-240.554,-128.575,0.000,1.000
143.794,-240.554,-128.575,0.000,1.000
144.494,-240.554,-128.575,0.000,1.000
144.594,-240.554,-128.575,0.000,1.000
144.694,-240.554,-128.575,0.000,1.000
