run,dir,cut,variant,outage_m,outage_s,end_m,drift_pct,rmse_m,max_m,after_stop_m,after_stop_s,k_end,err_at_return_m,err_3s_after_m,max_step_m
2,AB,c10,plain,822.37,243.51,26.77,3.26,17.5,26.77,27.11,15.0,1.0,,,
2,AB,c10,gen_k1,822.37,243.51,28.71,3.49,20.08,29.19,29.08,15.0,1.0,,,
2,AB,c10,gen,822.37,243.51,48.15,5.86,27.99,48.2,48.31,15.0,1.047,,,
2,AB,c10,cor_k1,822.37,243.51,9.04,1.1,10.57,16.1,9.27,15.0,1.0,,,
2,AB,c10,cor,822.37,243.51,43.81,5.33,23.61,44.41,43.66,15.0,1.063,,,
2,AB,c10,cor_lm,822.37,243.51,43.81,5.33,23.37,44.02,43.66,15.0,1.063,,,
2,AB,c30,plain,752.49,223.51,12.85,1.71,5.54,12.96,12.65,15.0,1.0,,,
2,AB,c30,gen_k1,752.49,223.51,11.05,1.47,6.68,11.49,10.97,15.0,1.0,,,
2,AB,c30,gen,752.49,223.51,31.57,4.2,16.31,31.84,31.46,15.0,1.033,,,
2,AB,c30,cor_k1,752.49,223.51,7.25,0.96,9.4,14.79,7.55,15.0,1.0,,,
2,AB,c30,cor,752.49,223.51,41.27,5.48,23.27,41.44,41.14,15.0,1.057,,,
2,AB,c30,cor_lm,752.49,223.51,40.76,5.42,22.92,40.92,40.63,15.0,1.057,,,
2,AB,c60,plain,639.03,193.51,14.36,2.25,6.19,14.46,14.18,15.0,1.0,,,
2,AB,c60,gen_k1,639.03,193.51,11.33,1.77,6.61,11.77,11.24,15.0,1.0,,,
2,AB,c60,gen,639.03,193.51,23.54,3.68,12.48,23.87,23.44,15.0,1.021,,,
2,AB,c60,cor_k1,639.03,193.51,5.32,0.83,8.33,13.05,5.65,15.0,1.0,,,
2,AB,c60,cor,639.03,193.51,17.94,2.81,10.62,18.3,17.85,15.0,1.027,,,
2,AB,c60,cor_lm,639.03,193.51,17.7,2.77,10.47,18.06,17.61,15.0,1.027,,,
2,AB,turn,plain,398.93,130.2,12.87,3.23,6.97,12.9,12.83,15.0,1.0,,,
2,AB,turn,gen_k1,398.93,130.2,10.94,2.74,7.55,11.32,11.01,15.0,1.0,,,
2,AB,turn,gen,398.93,130.2,15.27,3.83,10.09,15.64,15.27,15.0,1.006,,,
2,AB,turn,cor_k1,398.93,130.2,2.56,0.64,7.14,10.1,3.0,15.0,1.0,,,
2,AB,turn,cor,398.93,130.2,5.75,1.44,6.73,9.88,5.82,15.0,1.005,,,
2,AB,turn,cor_lm,398.93,130.2,5.06,1.27,6.57,9.66,5.16,15.0,1.003,,,
2,AB,c30r,gen_k1,,,,,,,,,,3.6486686301342415,3.7768515628197696,0.36744405683203324
2,AB,c30r,gen,,,,,,,,,,4.305428162363356,4.26965970443085,0.3785705883500637
2,AB,c30r,cor_k1,,,,,,,,,,4.576656541734858,4.856020680019996,0.3729338156049851
2,AB,c30r,cor,,,,,,,,,,6.183147788227628,6.5054100706348965,0.3875667011105897
2,AB,c30r,cor_lm,,,,,,,,,,6.183147788227628,6.5054100706348965,0.3875667011105897
3,BA,c10,plain,814.72,224.0,40.04,4.91,23.56,41.65,40.06,15.01,1.0,,,
3,BA,c10,gen_k1,814.72,224.0,42.05,5.16,25.23,43.74,42.07,15.01,1.0,,,
3,BA,c10,gen,814.72,224.0,30.62,3.76,16.62,31.72,30.64,15.01,1.027,,,
3,BA,c10,cor_k1,814.72,224.0,36.18,4.44,29.07,38.91,36.19,15.01,1.0,,,
3,BA,c10,cor,814.72,224.0,13.07,1.6,14.18,20.49,13.07,15.01,1.029,,,
3,BA,c10,cor_lm,814.72,224.0,12.53,1.54,13.76,20.14,12.53,15.01,1.029,,,
3,BA,c30,plain,723.72,204.0,46.79,6.47,26.58,47.69,46.81,15.01,1.0,,,
3,BA,c30,gen_k1,723.72,204.0,49.66,6.86,28.9,50.75,49.68,15.01,1.0,,,
3,BA,c30,gen,723.72,204.0,39.58,5.47,21.55,40.21,39.6,15.01,1.066,,,
3,BA,c30,cor_k1,723.72,204.0,32.55,4.5,27.0,35.19,32.55,15.01,1.0,,,
3,BA,c30,cor,723.72,204.0,15.02,2.08,14.03,24.91,15.01,15.01,1.077,,,
3,BA,c30,cor_lm,723.72,204.0,15.02,2.08,14.18,25.17,15.01,15.01,1.077,,,
3,BA,c60,plain,575.46,174.0,33.36,5.8,20.5,34.72,33.38,15.01,1.0,,,
3,BA,c60,gen_k1,575.46,174.0,35.45,6.16,22.17,36.87,35.47,15.01,1.0,,,
3,BA,c60,gen,575.46,174.0,28.23,4.91,15.97,29.08,28.25,15.01,1.027,,,
3,BA,c60,cor_k1,575.46,174.0,27.23,4.73,23.94,29.73,27.23,15.01,1.0,,,
3,BA,c60,cor,575.46,174.0,8.9,1.55,7.52,12.7,8.89,15.01,1.043,,,
3,BA,c60,cor_lm,575.46,174.0,9.11,1.58,7.49,12.27,9.09,15.01,1.043,,,
3,BA,turn,plain,471.5,151.28,36.19,7.67,23.19,37.42,36.2,15.01,1.0,,,
3,BA,turn,gen_k1,471.5,151.28,38.16,8.09,24.83,39.47,38.18,15.01,1.0,,,
3,BA,turn,gen,471.5,151.28,33.37,7.08,20.44,34.23,33.39,15.01,1.025,,,
3,BA,turn,cor_k1,471.5,151.28,22.19,4.71,20.46,24.78,22.19,15.01,1.0,,,
3,BA,turn,cor,471.5,151.28,6.73,1.43,5.83,10.03,6.71,15.01,1.04,,,
3,BA,turn,cor_lm,471.5,151.28,6.91,1.47,5.79,9.61,6.9,15.01,1.04,,,
3,BA,c30r,gen_k1,,,,,,,,,,4.323527091876727,5.9946269071658245,0.49937510976977373
3,BA,c30r,gen,,,,,,,,,,9.929582492253466,9.423340643069649,0.5235006311206429
3,BA,c30r,cor_k1,,,,,,,,,,10.771208018766492,12.456358714565313,0.8026054739015501
3,BA,c30r,cor,,,,,,,,,,6.609100543954553,5.055332998702571,0.7869919341501967
3,BA,c30r,cor_lm,,,,,,,,,,6.609100543954553,5.055332998702571,0.7869919341501967
4,AB,c10,plain,853.61,238.23,5.26,0.62,8.17,12.09,5.46,15.01,1.0,,,
4,AB,c10,gen_k1,853.61,238.23,9.39,1.1,11.07,14.53,9.65,15.01,1.0,,,
4,AB,c10,gen,853.61,238.23,15.63,1.83,11.15,15.77,15.85,15.01,1.027,,,
4,AB,c10,cor_k1,853.61,238.23,29.61,3.47,19.2,33.42,29.61,15.01,1.0,,,
4,AB,c10,cor,853.61,238.23,3.92,0.46,6.57,12.22,4.11,15.01,1.031,,,
4,AB,c10,cor_lm,853.61,238.23,4.05,0.47,6.64,12.35,4.23,15.01,1.031,,,
4,AB,c30,plain,789.25,218.23,11.89,1.51,8.19,14.5,11.57,15.01,1.0,,,
4,AB,c30,gen_k1,789.25,218.23,9.43,1.2,6.49,11.32,9.13,15.01,1.0,,,
4,AB,c30,gen,789.25,218.23,16.23,2.06,7.75,16.23,16.11,15.01,1.029,,,
4,AB,c30,cor_k1,789.25,218.23,27.55,3.49,18.47,31.36,27.54,15.01,1.0,,,
4,AB,c30,cor,789.25,218.23,8.04,1.02,7.46,11.82,8.15,15.01,1.042,,,
4,AB,c30,cor_lm,789.25,218.23,7.71,0.98,7.4,11.82,7.82,15.01,1.042,,,
4,AB,c60,plain,676.72,188.23,11.63,1.72,7.97,13.6,11.31,15.01,1.0,,,
4,AB,c60,gen_k1,676.72,188.23,10.1,1.49,6.91,11.76,9.79,15.01,1.0,,,
4,AB,c60,gen,676.72,188.23,10.52,1.56,4.56,10.53,10.3,15.01,1.018,,,
4,AB,c60,cor_k1,676.72,188.23,26.43,3.91,19.06,30.27,26.43,15.01,1.0,,,
4,AB,c60,cor,676.72,188.23,9.16,1.35,9.6,15.65,9.24,15.01,1.022,,,
4,AB,c60,cor_lm,676.72,188.23,9.32,1.38,9.71,15.8,9.39,15.01,1.022,,,
4,AB,turn,plain,418.33,116.08,5.83,1.39,8.92,12.85,5.64,15.01,1.0,,,
4,AB,turn,gen_k1,418.33,116.08,10.46,2.5,10.79,15.02,10.44,15.01,1.0,,,
4,AB,turn,gen,418.33,116.08,9.75,2.33,6.34,9.91,10.05,15.01,1.042,,,
4,AB,turn,cor_k1,418.33,116.08,24.35,5.82,22.55,28.47,24.38,15.01,1.0,,,
4,AB,turn,cor,418.33,116.08,5.46,1.31,10.6,14.87,5.73,15.01,1.04,,,
4,AB,turn,cor_lm,418.33,116.08,5.77,1.38,10.84,15.12,6.02,15.01,1.039,,,
4,AB,c30r,gen_k1,,,,,,,,,,2.5185290248817096,2.464578391281817,0.39259599070271317
4,AB,c30r,gen,,,,,,,,,,4.781292349274267,5.23534940249722,0.4041016084026227
4,AB,c30r,cor_k1,,,,,,,,,,1.8995552038454038,1.6219004933737753,0.40505286141507485
4,AB,c30r,cor,,,,,,,,,,5.455289581821418,6.136870598030811,0.40927409227365513
4,AB,c30r,cor_lm,,,,,,,,,,5.455289581821418,6.136870598030811,0.40927409227365513
5,BA,c10,plain,844.09,245.54,9.1,1.08,4.88,12.4,8.91,15.01,1.0,,,
5,BA,c10,gen_k1,844.09,245.54,15.18,1.8,8.08,17.26,14.97,15.01,1.0,,,
5,BA,c10,gen,844.09,245.54,8.29,0.98,7.91,12.47,8.22,15.01,1.02,,,
5,BA,c10,cor_k1,844.09,245.54,25.51,3.02,15.84,27.54,25.32,15.01,1.0,,,
5,BA,c10,cor,844.09,245.54,8.33,0.99,6.23,10.7,8.16,15.01,1.021,,,
5,BA,c10,cor_lm,844.09,245.54,8.03,0.95,6.05,10.4,7.86,15.01,1.021,,,
5,BA,c30,plain,770.08,225.54,9.64,1.25,5.18,12.96,9.44,15.01,1.0,,,
5,BA,c30,gen_k1,770.08,225.54,12.83,1.67,6.51,14.9,12.63,15.01,1.0,,,
5,BA,c30,gen,770.08,225.54,8.15,1.06,8.79,12.86,8.17,15.01,1.023,,,
5,BA,c30,cor_k1,770.08,225.54,22.81,2.96,14.15,24.85,22.62,15.01,1.0,,,
5,BA,c30,cor,770.08,225.54,4.26,0.55,5.73,9.56,4.46,15.01,1.032,,,
5,BA,c30,cor_lm,770.08,225.54,4.52,0.59,5.86,9.56,4.73,15.01,1.032,,,
5,BA,c60,plain,655.14,195.54,12.56,1.92,7.51,15.55,12.4,15.01,1.0,,,
5,BA,c60,gen_k1,655.14,195.54,15.27,2.33,8.78,17.03,15.1,15.01,1.0,,,
5,BA,c60,gen,655.14,195.54,13.73,2.1,8.98,15.16,13.61,15.01,1.006,,,
5,BA,c60,cor_k1,655.14,195.54,20.47,3.12,13.33,22.45,20.28,15.01,1.0,,,
5,BA,c60,cor,655.14,195.54,4.48,0.68,6.05,9.13,4.45,15.01,1.022,,,
5,BA,c60,cor_lm,655.14,195.54,4.36,0.67,6.06,9.46,4.35,15.01,1.022,,,
5,BA,turn,plain,469.42,147.65,10.26,2.19,6.2,13.26,10.06,15.01,1.0,,,
5,BA,turn,gen_k1,469.42,147.65,11.77,2.51,6.27,13.82,11.56,15.01,1.0,,,
5,BA,turn,gen,469.42,147.65,11.85,2.52,6.58,13.82,11.64,15.01,1.001,,,
5,BA,turn,cor_k1,469.42,147.65,19.47,4.15,14.33,21.45,19.28,15.01,1.0,,,
5,BA,turn,cor,469.42,147.65,10.85,2.31,9.16,12.8,10.68,15.01,1.016,,,
5,BA,turn,cor_lm,469.42,147.65,10.57,2.25,8.92,12.51,10.4,15.01,1.016,,,
5,BA,c30r,gen_k1,,,,,,,,,,2.0647931506592214,2.504344581850978,0.42012442026151936
5,BA,c30r,gen,,,,,,,,,,4.44769812206506,5.468193819275582,0.4266603760967913
5,BA,c30r,cor_k1,,,,,,,,,,4.314028640250846,2.900882309263663,1.0941345544258896
5,BA,c30r,cor,,,,,,,,,,2.5998855604962956,2.510228345850149,1.000661499324329
5,BA,c30r,cor_lm,,,,,,,,,,2.5998855604962956,2.510228345850149,1.000661499324329
6,AB,c10,plain,850.46,196.21,30.5,3.59,22.27,33.3,30.64,15.0,1.0,,,
6,AB,c10,gen_k1,850.46,196.21,32.14,3.78,21.52,33.57,32.26,15.0,1.0,,,
6,AB,c10,gen,850.46,196.21,35.33,4.15,23.73,36.81,35.43,15.0,0.994,,,
6,AB,c10,cor_k1,850.46,196.21,46.96,5.52,32.39,49.1,46.89,15.0,1.0,,,
6,AB,c10,cor,850.46,196.21,41.75,4.91,29.18,44.08,41.69,15.0,1.006,,,
6,AB,c10,cor_lm,850.46,196.21,41.4,4.87,28.94,43.75,41.35,15.0,1.006,,,
6,AB,c30,plain,769.92,176.21,22.62,2.94,18.23,26.27,22.64,15.0,1.0,,,
6,AB,c30,gen_k1,769.92,176.21,27.48,3.57,20.04,29.23,27.5,15.0,1.0,,,
6,AB,c30,gen,769.92,176.21,13.7,1.78,10.24,15.28,13.85,15.0,1.023,,,
6,AB,c30,cor_k1,769.92,176.21,44.08,5.73,31.75,46.65,44.05,15.0,1.0,,,
6,AB,c30,cor,769.92,176.21,13.72,1.78,12.66,18.07,13.82,15.0,1.037,,,
6,AB,c30,cor_lm,769.92,176.21,13.97,1.81,12.73,18.14,14.06,15.0,1.037,,,
6,AB,c60,plain,596.95,146.21,18.29,3.06,14.71,21.54,18.38,15.0,1.0,,,
6,AB,c60,gen_k1,596.95,146.21,24.39,4.09,18.04,26.05,24.44,15.0,1.0,,,
6,AB,c60,gen,596.95,146.21,11.52,1.93,7.35,11.84,11.91,15.0,1.036,,,
6,AB,c60,cor_k1,596.95,146.21,38.37,6.43,29.59,40.86,38.34,15.0,1.0,,,
6,AB,c60,cor,596.95,146.21,12.12,2.03,12.61,16.71,12.23,15.0,1.037,,,
6,AB,c60,cor_lm,596.95,146.21,12.23,2.05,12.7,16.78,12.34,15.0,1.037,,,
6,AB,turn,plain,420.76,112.71,12.12,2.88,10.85,15.65,12.19,15.0,1.0,,,
6,AB,turn,gen_k1,420.76,112.71,20.23,4.81,15.47,21.89,20.29,15.0,1.0,,,
6,AB,turn,gen,420.76,112.71,15.9,3.78,9.37,15.92,16.37,15.0,1.054,,,
6,AB,turn,cor_k1,420.76,112.71,31.01,7.37,26.4,33.18,30.99,15.0,1.0,,,
6,AB,turn,cor,420.76,112.71,3.76,0.89,8.57,11.76,4.18,15.0,1.054,,,
6,AB,turn,cor_lm,420.76,112.71,3.97,0.94,8.77,11.93,4.37,15.0,1.053,,,
6,AB,c30r,gen_k1,,,,,,,,,,7.1559197098062475,6.591568832787271,1.175515523901503
6,AB,c30r,gen,,,,,,,,,,1.5506283731764283,1.443109063032524,0.8142474051558837
6,AB,c30r,cor_k1,,,,,,,,,,7.935071907291573,7.285968263380061,1.2428727472005476
6,AB,c30r,cor,,,,,,,,,,1.8407199327848927,2.3972459698404736,0.6214913071504607
6,AB,c30r,cor_lm,,,,,,,,,,1.8407199327848927,2.3972459698404736,0.6214913071504607
8,BA,c10,plain,845.74,238.18,14.42,1.71,6.81,14.42,14.52,15.01,1.0,,,
8,BA,c10,gen_k1,845.74,238.18,11.08,1.31,7.28,11.08,11.12,15.01,1.0,,,
8,BA,c10,gen,845.74,238.18,13.71,1.62,6.47,13.73,13.78,15.01,1.02,,,
8,BA,c10,cor_k1,845.74,238.18,12.73,1.5,14.46,22.14,12.66,15.01,1.0,,,
8,BA,c10,cor,845.74,238.18,3.99,0.47,8.43,16.74,3.95,15.01,1.013,,,
8,BA,c10,cor_lm,845.74,238.18,3.86,0.46,7.95,15.89,3.83,15.01,1.013,,,
8,BA,c30,plain,753.56,218.18,9.84,1.31,4.31,9.84,9.95,15.01,1.0,,,
8,BA,c30,gen_k1,753.56,218.18,6.37,0.84,4.39,6.37,6.42,15.01,1.0,,,
8,BA,c30,gen,753.56,218.18,24.16,3.21,14.15,24.33,24.21,15.01,1.039,,,
8,BA,c30,cor_k1,753.56,218.18,10.33,1.37,12.88,19.35,10.27,15.01,1.0,,,
8,BA,c30,cor,753.56,218.18,14.56,1.93,8.41,16.9,14.55,15.01,1.033,,,
8,BA,c30,cor_lm,753.56,218.18,14.56,1.93,8.63,17.4,14.55,15.01,1.033,,,
8,BA,c60,plain,621.59,188.18,11.03,1.77,5.26,11.03,11.14,15.01,1.0,,,
8,BA,c60,gen_k1,621.59,188.18,5.82,0.94,3.12,5.82,5.88,15.01,1.0,,,
8,BA,c60,gen,621.59,188.18,8.58,1.38,4.28,8.65,8.64,15.01,1.007,,,
8,BA,c60,cor_k1,621.59,188.18,8.17,1.31,11.26,17.55,8.11,15.01,1.0,,,
8,BA,c60,cor,621.59,188.18,9.0,1.45,6.7,12.01,9.03,15.01,1.017,,,
8,BA,c60,cor_lm,621.59,188.18,9.38,1.51,6.69,11.6,9.42,15.01,1.017,,,
8,BA,turn,plain,468.67,151.83,11.33,2.42,5.47,11.39,11.44,15.01,1.0,,,
8,BA,turn,gen_k1,468.67,151.83,6.58,1.4,3.23,6.58,6.64,15.01,1.0,,,
8,BA,turn,gen,468.67,151.83,13.27,2.83,7.61,13.33,13.33,15.01,1.016,,,
8,BA,turn,cor_k1,468.67,151.83,4.21,0.9,8.03,11.96,4.16,15.01,1.0,,,
8,BA,turn,cor,468.67,151.83,14.6,3.12,9.87,16.67,14.59,15.01,1.032,,,
8,BA,turn,cor_lm,468.67,151.83,14.6,3.12,10.41,17.84,14.59,15.01,1.035,,,
8,BA,c30r,gen_k1,,,,,,,,,,3.2927366606092057,3.1475518238000486,0.42742179764988614
8,BA,c30r,gen,,,,,,,,,,6.919784302086772,7.08261012232935,0.4371853570090408
8,BA,c30r,cor_k1,,,,,,,,,,4.302578111044567,4.245544816184681,0.7270694787980972
8,BA,c30r,cor,,,,,,,,,,3.097418570481729,2.893270181624271,0.7176968893325182
8,BA,c30r,cor_lm,,,,,,,,,,3.097418570481729,2.893270181624271,0.7176968893325182
9,AB,c10,plain,841.08,218.62,41.72,4.96,22.53,43.02,41.68,15.0,1.0,,,
9,AB,c10,gen_k1,841.08,218.62,42.18,5.01,22.63,43.49,42.12,15.0,1.0,,,
9,AB,c10,gen,841.08,218.62,41.53,4.94,21.39,42.28,41.47,15.0,1.009,,,
9,AB,c10,cor_k1,841.08,218.62,11.01,1.31,13.02,20.72,10.92,15.0,1.0,,,
9,AB,c10,cor,841.08,218.62,3.3,0.39,6.51,13.07,3.35,15.0,1.015,,,
9,AB,c10,cor_lm,841.08,218.62,3.25,0.39,6.54,13.11,3.31,15.0,1.015,,,
9,AB,c30,plain,757.55,198.62,25.65,3.39,14.46,27.31,25.6,15.0,1.0,,,
9,AB,c30,gen_k1,757.55,198.62,27.54,3.64,15.69,29.2,27.47,15.0,1.0,,,
9,AB,c30,gen,757.55,198.62,29.67,3.92,14.13,29.87,29.65,15.0,1.027,,,
9,AB,c30,cor_k1,757.55,198.62,9.42,1.24,12.24,19.47,9.32,15.0,1.0,,,
9,AB,c30,cor,757.55,198.62,20.89,2.76,13.33,23.49,20.97,15.0,1.043,,,
9,AB,c30,cor_lm,757.55,198.62,20.89,2.76,13.16,23.24,20.97,15.0,1.043,,,
9,AB,c60,plain,616.21,168.62,24.23,3.93,14.16,25.56,24.19,15.0,1.0,,,
9,AB,c60,gen_k1,616.21,168.62,26.62,4.32,15.87,27.97,26.56,15.0,1.0,,,
9,AB,c60,gen,616.21,168.62,29.51,4.79,15.5,29.71,29.49,15.0,1.023,,,
9,AB,c60,cor_k1,616.21,168.62,6.86,1.11,10.91,16.95,6.77,15.0,1.0,,,
9,AB,c60,cor,616.21,168.62,16.69,2.71,8.71,16.9,16.77,15.0,1.028,,,
9,AB,c60,cor_lm,616.21,168.62,16.52,2.68,8.64,16.73,16.6,15.0,1.028,,,
9,AB,turn,plain,421.59,115.57,14.91,3.54,9.19,15.07,14.91,15.0,1.0,,,
9,AB,turn,gen_k1,421.59,115.57,15.99,3.79,10.9,16.5,15.95,15.0,1.0,,,
9,AB,turn,gen,421.59,115.57,20.95,4.97,12.72,21.16,20.95,15.0,1.017,,,
9,AB,turn,cor_k1,421.59,115.57,4.27,1.01,10.19,14.1,4.19,15.0,1.0,,,
9,AB,turn,cor,421.59,115.57,8.96,2.13,7.85,11.49,9.03,15.0,1.015,,,
9,AB,turn,cor_lm,421.59,115.57,8.42,2.0,7.79,11.38,8.49,15.0,1.014,,,
9,AB,c30r,gen_k1,,,,,,,,,,2.9348067140054663,3.075936949767742,0.527946350143687
9,AB,c30r,gen,,,,,,,,,,2.8789180122084352,2.8134628344919483,0.41065757595920044
9,AB,c30r,cor_k1,,,,,,,,,,4.478666658387105,4.512444290512239,1.0289627999384006
9,AB,c30r,cor,,,,,,,,,,4.912138758609,4.893362737926209,0.8668853611178756
9,AB,c30r,cor_lm,,,,,,,,,,4.912138758609,4.893362737926209,0.8668853611178756
10,BA,c10,plain,850.28,206.99,11.09,1.3,5.03,11.1,10.87,15.0,1.0,,,
10,BA,c10,gen_k1,850.28,206.99,7.13,0.84,6.48,8.86,6.97,15.0,1.0,,,
10,BA,c10,gen,850.28,206.99,4.18,0.49,8.2,11.06,4.31,15.0,0.989,,,
10,BA,c10,cor_k1,850.28,206.99,3.96,0.47,8.73,15.73,3.94,15.0,1.0,,,
10,BA,c10,cor,850.28,206.99,13.3,1.56,15.03,21.88,13.49,15.0,0.987,,,
10,BA,c10,cor_lm,850.28,206.99,12.79,1.5,14.67,21.48,12.98,15.0,0.987,,,
10,BA,c30,plain,762.25,186.99,11.54,1.51,3.56,11.54,11.3,15.0,1.0,,,
10,BA,c30,gen_k1,762.25,186.99,8.24,1.08,4.22,8.33,8.01,15.0,1.0,,,
10,BA,c30,gen,762.25,186.99,19.28,2.53,9.56,19.38,19.05,15.0,1.018,,,
10,BA,c30,cor_k1,762.25,186.99,3.53,0.46,7.79,13.58,3.4,15.0,1.0,,,
10,BA,c30,cor,762.25,186.99,12.52,1.64,5.46,12.6,12.28,15.0,1.013,,,
10,BA,c30,cor_lm,762.25,186.99,12.96,1.7,5.49,12.98,12.72,15.0,1.013,,,
10,BA,c60,plain,634.67,156.99,21.99,3.46,9.54,21.99,21.85,15.0,1.0,,,
10,BA,c60,gen_k1,634.67,156.99,18.3,2.88,8.36,18.31,18.17,15.0,1.0,,,
10,BA,c60,gen,634.67,156.99,20.17,3.18,9.34,20.19,20.01,15.0,1.006,,,
10,BA,c60,cor_k1,634.67,156.99,6.05,0.95,8.25,14.35,5.89,15.0,1.0,,,
10,BA,c60,cor,634.67,156.99,13.74,2.16,7.14,13.74,13.5,15.0,1.014,,,
10,BA,c60,cor_lm,634.67,156.99,13.74,2.16,7.18,13.74,13.5,15.0,1.014,,,
10,BA,turn,plain,470.15,118.44,15.85,3.37,6.18,15.85,15.67,15.0,1.0,,,
10,BA,turn,gen_k1,470.15,118.44,12.78,2.72,5.45,12.82,12.61,15.0,1.0,,,
10,BA,turn,gen,470.15,118.44,10.5,2.23,4.42,10.51,10.35,15.0,0.993,,,
10,BA,turn,cor_k1,470.15,118.44,6.12,1.3,7.1,10.81,5.9,15.0,1.0,,,
10,BA,turn,cor,470.15,118.44,7.22,1.53,6.39,10.19,6.99,15.0,1.0,,,
10,BA,turn,cor_lm,470.15,118.44,7.48,1.59,6.29,9.7,7.25,15.0,1.0,,,
10,BA,c30r,gen_k1,,,,,,,,,,2.1749382361546563,2.2435304814763217,0.45633191804203305
10,BA,c30r,gen,,,,,,,,,,4.331591185524615,4.501999153764482,0.46448985945516114
10,BA,c30r,cor_k1,,,,,,,,,,3.1357149385203624,2.2773963213619584,0.9545591383283436
10,BA,c30r,cor,,,,,,,,,,1.8687081890084394,0.4796381427630869,0.939017664956488
10,BA,c30r,cor_lm,,,,,,,,,,1.8687081890084394,0.4796381427630869,0.939017664956488
11,AB,c10,plain,842.08,191.29,18.1,2.15,9.43,18.1,18.15,15.0,1.0,,,
11,AB,c10,gen_k1,842.08,191.29,18.46,2.19,10.53,18.46,18.54,15.0,1.0,,,
11,AB,c10,gen,842.08,191.29,20.06,2.38,9.47,20.07,20.11,15.0,1.005,,,
11,AB,c10,cor_k1,842.08,191.29,3.92,0.47,13.81,22.88,4.08,15.0,1.0,,,
11,AB,c10,cor,842.08,191.29,2.37,0.28,11.03,19.66,2.36,15.0,1.006,,,
11,AB,c10,cor_lm,842.08,191.29,2.3,0.27,11.08,19.74,2.3,15.0,1.006,,,
11,AB,c30,plain,734.6,171.29,18.61,2.53,4.95,18.61,18.55,15.0,1.0,,,
11,AB,c30,gen_k1,734.6,171.29,13.12,1.79,7.06,13.14,13.14,15.0,1.0,,,
11,AB,c30,gen,734.6,171.29,42.58,5.8,17.48,42.64,42.51,15.0,1.053,,,
11,AB,c30,cor_k1,734.6,171.29,2.57,0.35,12.29,20.38,2.71,15.0,1.0,,,
11,AB,c30,cor,734.6,171.29,21.01,2.86,16.5,34.12,20.9,15.0,1.055,,,
11,AB,c30,cor_lm,734.6,171.29,21.01,2.86,16.31,33.83,20.9,15.0,1.055,,,
11,AB,c60,plain,597.72,141.29,19.36,3.24,7.0,19.36,19.36,15.0,1.0,,,
11,AB,c60,gen_k1,597.72,141.29,17.71,2.96,7.76,17.72,17.74,15.0,1.0,,,
11,AB,c60,gen,597.72,141.29,26.47,4.43,10.29,26.5,26.45,15.0,1.018,,,
11,AB,c60,cor_k1,597.72,141.29,4.32,0.72,10.91,17.33,4.31,15.0,1.0,,,
11,AB,c60,cor,597.72,141.29,18.66,3.12,8.47,18.71,18.55,15.0,1.018,,,
11,AB,c60,cor_lm,597.72,141.29,18.47,3.09,8.45,18.52,18.36,15.0,1.018,,,
11,AB,turn,plain,416.94,100.76,19.44,4.66,6.27,19.44,19.38,15.0,1.0,,,
11,AB,turn,gen_k1,416.94,100.76,17.17,4.12,6.08,17.21,17.12,15.0,1.0,,,
11,AB,turn,gen,416.94,100.76,18.38,4.41,6.29,18.42,18.32,15.0,1.001,,,
11,AB,turn,cor_k1,416.94,100.76,5.91,1.42,13.31,17.71,5.92,15.0,1.0,,,
11,AB,turn,cor,416.94,100.76,6.82,1.64,12.41,16.65,6.81,15.0,1.0,,,
11,AB,turn,cor_lm,416.94,100.76,6.34,1.52,12.66,16.86,6.34,15.0,0.999,,,
11,AB,c30r,gen_k1,,,,,,,,,,3.383300726982393,3.4069091968197736,0.5820648380739342
11,AB,c30r,gen,,,,,,,,,,7.128736898717967,7.379391058488014,0.44165489631812965
11,AB,c30r,cor_k1,,,,,,,,,,3.141243037945887,2.961537011877102,0.5873616366546944
11,AB,c30r,cor,,,,,,,,,,7.270917019946034,7.467789258316737,0.47560041681305115
11,AB,c30r,cor_lm,,,,,,,,,,7.270917019946034,7.467789258316737,0.47560041681305115
12,BA,c10,plain,856.14,271.94,50.26,5.87,31.31,50.29,50.25,15.0,1.0,,,
12,BA,c10,gen_k1,856.14,271.94,45.35,5.3,27.67,45.38,45.34,15.0,1.0,,,
12,BA,c10,gen,856.14,271.94,43.08,5.03,25.87,43.11,43.07,15.0,0.99,,,
12,BA,c10,cor_k1,856.14,271.94,13.47,1.57,12.58,20.6,13.48,15.0,1.0,,,
12,BA,c10,cor,856.14,271.94,4.44,0.52,5.16,11.38,4.46,15.0,0.978,,,
12,BA,c10,cor_lm,856.14,271.94,4.54,0.53,5.11,11.71,4.56,15.0,0.978,,,
12,BA,c30,plain,792.18,251.94,24.38,3.08,17.84,24.38,24.41,15.0,1.0,,,
12,BA,c30,gen_k1,792.18,251.94,22.56,2.85,16.88,22.56,22.59,15.0,1.0,,,
12,BA,c30,gen,792.18,251.94,32.57,4.11,23.27,32.57,32.59,15.0,1.016,,,
12,BA,c30,cor_k1,792.18,251.94,13.28,1.68,13.57,20.62,13.29,15.0,1.0,,,
12,BA,c30,cor,792.18,251.94,12.08,1.52,8.16,15.99,12.09,15.0,0.987,,,
12,BA,c30,cor_lm,792.18,251.94,12.23,1.54,8.23,15.99,12.24,15.0,0.987,,,
12,BA,c60,plain,700.53,221.94,20.41,2.91,16.0,20.41,20.43,15.0,1.0,,,
12,BA,c60,gen_k1,700.53,221.94,21.99,3.14,18.04,21.99,22.01,15.0,1.0,,,
12,BA,c60,gen,700.53,221.94,14.0,2.0,12.84,14.3,14.03,15.0,0.982,,,
12,BA,c60,cor_k1,700.53,221.94,14.52,2.07,14.34,22.83,14.53,15.0,1.0,,,
12,BA,c60,cor,700.53,221.94,6.86,0.98,7.56,13.86,6.89,15.0,0.973,,,
12,BA,c60,cor_lm,700.53,221.94,6.85,0.98,7.5,14.21,6.87,15.0,0.973,,,
12,BA,turn,plain,473.14,153.51,14.88,3.14,7.22,14.91,14.87,15.0,1.0,,,
12,BA,turn,gen_k1,473.14,153.51,10.99,2.32,8.18,11.01,11.0,15.0,1.0,,,
12,BA,turn,gen,473.14,153.51,15.24,3.22,10.87,17.27,15.23,15.0,0.947,,,
12,BA,turn,cor_k1,473.14,153.51,13.35,2.82,7.29,13.37,13.36,15.0,1.0,,,
12,BA,turn,cor,473.14,153.51,17.37,3.67,16.52,19.7,17.38,15.0,0.956,,,
12,BA,turn,cor_lm,473.14,153.51,17.1,3.61,16.25,19.42,17.1,15.0,0.956,,,
12,BA,c30r,gen_k1,,,,,,,,,,3.7069936453313757,4.353546955182734,0.36768543768652356
12,BA,c30r,gen,,,,,,,,,,6.054107759728857,6.868426655887319,0.3736951508433131
12,BA,c30r,cor_k1,,,,,,,,,,4.843501651042034,4.443123356927996,1.0240156213870655
12,BA,c30r,cor,,,,,,,,,,3.792621108316889,2.7155841103216276,1.02358949941657
12,BA,c30r,cor_lm,,,,,,,,,,3.792621108316889,2.7155841103216276,1.02358949941657
