t_s,type,text
0.000,PHASE,"STAND"
NaN,RECOG,"SNU_R1 fix=1 d=-425.5 s=213.6 count=0 corridors=2"
NaN,RECOG,"SNU_R2 fix=1 d=-0.4 s=16.2 count=1 corridors=2"
1.575,RECOG,"SNU_R1 fix=2 d=-425.5 s=213.6 count=0 corridors=2"
1.575,RECOG,"SNU_R2 fix=2 d=-0.4 s=16.2 count=2 corridors=2"
3.057,RECOG,"SNU_R1 fix=3 d=-425.5 s=213.6 count=0 corridors=2"
3.057,RECOG,"SNU_R2 fix=3 d=-0.4 s=16.2 count=3 corridors=2"
4.056,RECOG,"SNU_R1 fix=4 d=-425.5 s=213.6 count=0 corridors=2"
4.056,RECOG,"SNU_R2 fix=4 d=-0.4 s=16.2 count=4 corridors=2"
5.056,RECOG,"SNU_R1 fix=5 d=-425.5 s=213.6 count=0 corridors=2"
5.056,RECOG,"SNU_R2 fix=5 d=-0.4 s=16.2 count=5 corridors=2"
6.060,RECOG,"SNU_R1 fix=6 d=-425.6 s=213.6 count=0 corridors=2"
6.060,RECOG,"SNU_R2 fix=6 d=-0.3 s=16.1 count=6 corridors=2"
7.055,RECOG,"SNU_R1 fix=7 d=-425.6 s=213.6 count=0 corridors=2"
7.055,RECOG,"SNU_R2 fix=7 d=-0.3 s=16.1 count=7 corridors=2"
8.053,RECOG,"SNU_R1 fix=8 d=-425.6 s=213.6 count=0 corridors=2"
8.053,RECOG,"SNU_R2 fix=8 d=-0.3 s=16.1 count=8 corridors=2"
8.053,CORRIDOR,"recognised SNU_R2 (Circular Rd) s=16.1 d=-0.3 s_start=16.1"
15.000,ALIGN,"stand g=9.867 pitch=2.41 roll=67.31 bias_dps=[-0.002 -0.025 0.092] quiet=true qfrac=0.79 rot=2.63deg"
15.000,PHASE,"RIDE"
39.059,MOTION_START,"v=2.29"
40.100,DIRECTION,"AB"
45.060,ALIGN,"psi=47.85 (init) pitch=2.41 roll=67.31 blocks=0 moved_at=NaN sway_ratio=NaN"
55.010,ALIGN,"psi=47.85 (init) pitch=0.85 roll=67.81 blocks=1 moved_at=NaN sway_ratio=NaN"
59.050,ALIGN,"psi=88.01 (sway) pitch=0.85 roll=67.81 blocks=1 moved_at=NaN sway_ratio=62.0"
59.100,ARMED,""
65.010,ALIGN,"psi=88.01 (sway) pitch=0.82 roll=67.68 blocks=2 moved_at=NaN sway_ratio=62.0"
69.050,ALIGN,"psi=88.31 (sway) pitch=0.82 roll=67.68 blocks=2 moved_at=NaN sway_ratio=53.0"
75.010,ALIGN,"psi=88.31 (sway) pitch=0.83 roll=67.58 blocks=3 moved_at=NaN sway_ratio=53.0"
79.050,ALIGN,"psi=88.14 (sway) pitch=0.83 roll=67.58 blocks=3 moved_at=NaN sway_ratio=62.3"
85.010,ALIGN,"psi=88.14 (sway) pitch=0.78 roll=67.44 blocks=4 moved_at=NaN sway_ratio=62.3"
86.054,SIM_ENTER,"armed=true"
86.100,MODE,"GNSS_INS->INERTIAL sim"
86.100,DISARMED,"gnss5s"
86.100,BAND_ENTER,""
89.050,ALIGN,"psi=88.05 (sway) pitch=0.78 roll=67.44 blocks=4 moved_at=NaN sway_ratio=48.9"
95.010,ALIGN,"psi=88.05 (sway) pitch=0.72 roll=67.27 blocks=5 moved_at=NaN sway_ratio=48.9"
99.050,ALIGN,"psi=88.13 (sway) pitch=0.72 roll=67.27 blocks=5 moved_at=NaN sway_ratio=43.8"
105.010,ALIGN,"psi=88.13 (sway) pitch=0.66 roll=67.20 blocks=6 moved_at=NaN sway_ratio=43.8"
109.050,ALIGN,"psi=88.13 (sway) pitch=0.66 roll=67.20 blocks=6 moved_at=NaN sway_ratio=40.7"
115.010,ALIGN,"psi=88.13 (sway) pitch=0.69 roll=67.24 blocks=7 moved_at=NaN sway_ratio=40.7"
119.050,ALIGN,"psi=88.85 (sway) pitch=0.69 roll=67.24 blocks=7 moved_at=NaN sway_ratio=27.9"
125.010,ALIGN,"psi=88.85 (sway) pitch=0.77 roll=67.22 blocks=8 moved_at=NaN sway_ratio=27.9"
129.050,ALIGN,"psi=88.44 (sway) pitch=0.77 roll=67.22 blocks=8 moved_at=NaN sway_ratio=25.6"
135.010,ALIGN,"psi=88.44 (sway) pitch=0.79 roll=67.25 blocks=9 moved_at=NaN sway_ratio=25.6"
139.050,ALIGN,"psi=88.53 (sway) pitch=0.79 roll=67.25 blocks=9 moved_at=NaN sway_ratio=26.6"
145.010,ALIGN,"psi=88.53 (sway) pitch=0.82 roll=67.22 blocks=10 moved_at=NaN sway_ratio=26.6"
149.050,ALIGN,"psi=88.56 (sway) pitch=0.82 roll=67.22 blocks=10 moved_at=NaN sway_ratio=26.4"
155.010,ALIGN,"psi=88.56 (sway) pitch=0.79 roll=67.27 blocks=11 moved_at=NaN sway_ratio=26.4"
159.050,ALIGN,"psi=88.45 (sway) pitch=0.79 roll=67.27 blocks=11 moved_at=NaN sway_ratio=18.7"
165.010,ALIGN,"psi=88.45 (sway) pitch=0.88 roll=67.28 blocks=12 moved_at=NaN sway_ratio=18.7"
169.050,ALIGN,"psi=88.44 (sway) pitch=0.88 roll=67.28 blocks=12 moved_at=NaN sway_ratio=16.4"
175.010,ALIGN,"psi=88.44 (sway) pitch=0.95 roll=67.34 blocks=13 moved_at=NaN sway_ratio=16.4"
179.050,ALIGN,"psi=88.43 (sway) pitch=0.95 roll=67.34 blocks=13 moved_at=NaN sway_ratio=15.7"
185.010,ALIGN,"psi=88.43 (sway) pitch=0.97 roll=67.33 blocks=14 moved_at=NaN sway_ratio=15.7"
189.050,ALIGN,"psi=88.36 (sway) pitch=0.97 roll=67.33 blocks=14 moved_at=NaN sway_ratio=15.3"
195.010,ALIGN,"psi=88.36 (sway) pitch=0.94 roll=67.33 blocks=15 moved_at=NaN sway_ratio=15.3"
199.050,ALIGN,"psi=88.50 (sway) pitch=0.94 roll=67.33 blocks=15 moved_at=NaN sway_ratio=14.4"
205.010,ALIGN,"psi=88.50 (sway) pitch=0.94 roll=67.35 blocks=16 moved_at=NaN sway_ratio=14.4"
209.050,ALIGN,"psi=88.99 (sway) pitch=0.94 roll=67.35 blocks=16 moved_at=NaN sway_ratio=14.7"
215.010,ALIGN,"psi=88.99 (sway) pitch=0.94 roll=67.31 blocks=17 moved_at=NaN sway_ratio=14.7"
219.050,ALIGN,"psi=88.74 (sway) pitch=0.94 roll=67.31 blocks=17 moved_at=NaN sway_ratio=14.6"
225.010,ALIGN,"psi=88.74 (sway) pitch=0.89 roll=67.41 blocks=18 moved_at=NaN sway_ratio=14.6"
229.050,ALIGN,"psi=88.78 (sway) pitch=0.89 roll=67.41 blocks=18 moved_at=NaN sway_ratio=16.4"
232.050,REVEAL,"off_by_m=8.5 distance_m=572 duration_s=147 max_err_m=10.5 sim=true armed=true"
232.100,MODE,"INERTIAL->RECOVERING"
232.100,BAND_EXIT,""
235.010,ALIGN,"psi=88.78 (sway) pitch=0.96 roll=67.26 blocks=19 moved_at=NaN sway_ratio=16.4"
235.100,MODE,"RECOVERING->GNSS_INS"
237.100,ARMED,""
239.050,ALIGN,"psi=88.79 (sway) pitch=0.96 roll=67.26 blocks=19 moved_at=NaN sway_ratio=16.4"
245.010,ALIGN,"psi=88.79 (sway) pitch=0.92 roll=67.15 blocks=20 moved_at=NaN sway_ratio=16.4"
249.050,ALIGN,"psi=88.83 (sway) pitch=0.92 roll=67.15 blocks=20 moved_at=NaN sway_ratio=15.6"
255.010,ALIGN,"psi=88.83 (sway) pitch=0.95 roll=67.07 blocks=21 moved_at=NaN sway_ratio=15.6"
259.050,ALIGN,"psi=88.99 (sway) pitch=0.95 roll=67.07 blocks=21 moved_at=NaN sway_ratio=15.7"
265.010,ALIGN,"psi=88.99 (sway) pitch=1.04 roll=66.50 blocks=22 moved_at=NaN sway_ratio=15.7"
267.685,PHASE,"STOP_STAND"
282.686,PHASE,"DONE"
