t_ns,hPa
19568066349910,982.85474
19568106351055,982.85815
19568146352357,982.8511
19568186352201,982.8635
19568226351316,982.8611
19568266349337,982.864
19568306350378,982.8589
19568346352305,982.86255
19568386352410,982.8594
19568426457201,982.8535
19568466349597,982.8567
19568506350430,982.8618
19568546352514,982.85645
19568586351732,982.8628
19568626371732,982.8467
19568666350014,982.8469
19568706349285,982.8447
19568746353243,982.8462
19568786352305,982.8506
19568826353243,982.85425
19568866350587,982.8528
19568906349024,982.84717
19568946353920,982.8511
19568986473451,982.8491
19569026352305,982.85205
19569066526628,982.85034
19569106349389,982.8552
19569146351472,982.8511
19569186351993,982.8528
19569226351368,982.85205
19569266351889,982.8484
19569306350378,982.8401
19569346348660,982.84204
19569386354493,982.84766
19569426352774,982.8462
19569466350430,982.84204
19569506351212,982.8396
19569546349649,982.8401
19569586352618,982.8501
19569626480118,982.85254
19569666351160,982.85034
19569706534076,982.8518
19569746350378,982.8496
19569786350430,982.85034
19569826398295,982.8447
19569866353607,982.8425
19569906364441,982.8352
19569946348868,982.8413
19569986349649,982.8386
19570026351368,982.8418
19570066351368,982.84326
19570106379545,982.8408
19570146351889,982.84106
19570186349441,982.8425
19570226352410,982.84863
19570266367305,982.8447
19570306350014,982.8467
19570346522878,982.8457
19570386349389,982.8496
19570426348972,982.85254
19570466352097,982.85034
19570506353399,982.8589
19570546351732,982.85645
19570586349597,982.8616
19570626349180,982.85645
19570666354649,982.8557
19570706352566,982.8557
19570746353607,982.8562
19570786352253,982.85376
19570826350378,982.8601
19570866352618,982.8584
19570906351837,982.85693
19570946351264,982.85645
19570986520378,982.85596
19571026349232,982.85767
19571066350378,982.86035
19571106352045,982.85376
19571146352410,982.85254
19571186350795,982.84814
19571226349910,982.8474
19571266349857,982.8386
19571306351628,982.8335
19571346352253,982.834
19571386351003,982.83936
19571426351472,982.8367
19571466349232,982.84033
19571506351576,982.84375
19571546350899,982.843
19571586350639,982.843
19571626499493,982.83765
19571666349545,982.8374
19571706355535,982.8457
19571746447566,982.8469
19571786352462,982.8374
19571826351420,982.8345
19571866350326,982.8347
19571906350274,982.84375
19571946354493,982.8423
19571986351837,982.843
19572026350795,982.8406
19572066351524,982.84595
19572106349597,982.8469
19572146352201,982.84155
19572186351785,982.845
19572226353347,982.8428
19572266521212,982.84863
19572306350847,982.84375
19572346349180,982.8435
19572386354024,982.8384
19572426353555,982.8423
19572466367878,982.84863
19572506349753,982.8506
19572546350222,982.854
19572586354024,982.84863
19572626351680,982.86035
19572666353868,982.85913
19572706353243,982.85376
19572746349805,982.8491
19572786353764,982.8474
19572826353139,982.84595
19572866352514,982.8491
19572906488607,982.84985
19572946350118,982.8491
19572986350899,982.85254
19573026350951,982.8518
19573066351472,982.8467
19573106350951,982.84595
19573146349389,982.84644
19573186349701,982.8469
19573226350899,982.8501
19573266352514,982.85034
19573306351837,982.8474
19573346349701,982.8489
19573386348972,982.85034
19573426353243,982.8533
19573466352410,982.8491
19573506352357,982.853
19573546350951,982.853
19573586350274,982.84766
19573626349962,982.8479
19573666379076,982.84546
19573706354024,982.8435
19573746352514,982.84375
19573786350118,982.85034
19573826350326,982.85034
19573866351472,982.84863
19573906352722,982.8484
19573946352514,982.8508
19573986352618,982.8579
19574026349545,982.8513
19574066351160,982.8457
19574106354910,982.84863
19574146353972,982.8462
19574186472357,982.8391
19574226350743,982.84326
19574266349285,982.8445
19574306353920,982.8511
19574346349389,982.8496
19574386350951,982.8452
19574426350691,982.8435
19574466349962,982.83887
19574506353035,982.84375
19574546352149,982.845
19574586351316,982.83887
19574626352618,982.8406
19574666349232,982.844
19574706350587,982.84106
19574746353243,982.8379
19574786352930,982.83936
19574826496003,982.8428
19574866349545,982.84814
19574906351889,982.8513
19574946351837,982.854
19574986352566,982.8496
19575026350170,982.84717
19575066350587,982.843
19575106350118,982.84424
19575146423660,982.843
19575186353399,982.83813
19575226355743,982.84033
19575266351107,982.84766
19575306349962,982.84644
19575346350535,982.8445
19575386381003,982.8474
19575426351524,982.84644
19575466474128,982.8445
19575506348972,982.84985
19575546350430,982.8562
19575586437670,982.8572
19575626351003,982.85645
19575666352930,982.85547
19575706350378,982.8518
19575746349962,982.8474
19575786351837,982.8452
19575826352462,982.8474
19575866353607,982.85156
19575906355222,982.85156
19575946349337,982.8501
19575986350430,982.8489
19576026353660,982.8484
19576066351993,982.83936
19576106476576,982.8447
19576146350587,982.843
19576186350222,982.83765
19576226350066,982.8447
19576266352305,982.84424
19576306352201,982.8345
19576346350014,982.8325
19576386349805,982.8357
19576426352357,982.8364
19576466352357,982.8467
19576506352045,982.8513
19576546352618,982.8479
19576586350639,982.8508
19576626350951,982.85913
19576666351524,982.8523
19576706350951,982.8435
19576746478087,982.84814
19576786349910,982.8452
19576826350587,982.83984
19576866351732,982.8457
19576906352149,982.8457
19576946352566,982.844
19576986351732,982.8452
19577026350378,982.8357
19577066351785,982.83936
19577106352410,982.8342
19577146353087,982.83057
19577186350899,982.833
19577226349910,982.83057
19577266349805,982.8286
19577306351420,982.8301
19577346352357,982.8313
19577386456212,982.83936
19577426350430,982.8469
19577466350951,982.85034
19577506350899,982.843
19577546353035,982.83765
19577586351264,982.83936
19577626351107,982.8391
19577666350847,982.8413
19577706351785,982.8401
19577746352722,982.83984
19577786351628,982.83984
19577826352618,982.84204
19577866349910,982.8384
19577906349701,982.8425
19577946350847,982.85156
19577986351785,982.8469
19578026453087,982.8452
19578066350170,982.8413
19578106352149,982.84375
19578146351785,982.8479
19578186351732,982.8491
19578226352618,982.85034
19578266351732,982.8462
19578306350847,982.8413
19578346351680,982.8423
19578386352462,982.8386
19578426349337,982.84204
19578466351628,982.8423
19578506350691,982.8413
19578546350743,982.8384
19578586422878,982.84033
19578626352305,982.83936
19578666374962,982.8418
19578706350274,982.845
19578746350587,982.8457
19578786350482,982.8447
19578826352149,982.8474
19578866350222,982.845
19578906349337,982.84595
19578946350743,982.8408
19578986352826,982.8474
19579026434024,982.84155
19579066353087,982.8428
19579106363920,982.84937
19579146349962,982.84937
19579186350014,982.8462
19579226353451,982.8425
19579266351160,982.84106
19579306440535,982.8413
19579346349910,982.8425
19579386350639,982.84106
19579426352774,982.83936
19579466352618,982.8374
19579506352514,982.84644
19579546356732,982.8396
19579586350118,982.8286
19579626351889,982.8379
19579666352826,982.8452
19579706351003,982.8413
19579746352774,982.83813
19579786350274,982.8423
19579826350222,982.8369
19579866352357,982.83057
19579906352670,982.8384
19579946437618,982.8428
19579986349701,982.83984
19580026351212,982.8369
19580066351524,982.8374
19580106352410,982.84033
19580146351732,982.8425
19580186356368,982.8447
19580226350482,982.8396
19580266355430,982.8345
19580306380014,982.84033
19580346354805,982.8418
19580386561837,982.84204
19580426350014,982.8491
19580466349962,982.84326
19580506352410,982.8469
19580546351420,982.84863
19580586405482,982.84937
19580626349285,982.8491
19580666350014,982.8379
19580706354649,982.83813
19580746352149,982.8367
19580786350743,982.8369
19580826351055,982.8391
19580866350482,982.84155
19580906351837,982.8474
19580946352201,982.84595
19580986351524,982.84326
19581026503660,982.8435
19581066349910,982.8496
19581106350170,982.85547
19581146354024,982.85864
19581186350639,982.8623
19581226422826,982.8511
19581266349857,982.8501
19581306350535,982.85156
19581346353191,982.8489
19581386351941,982.85596
19581426351993,982.8584
19581466350795,982.8523
19581506350482,982.84863
19581546368764,982.85254
19581586352618,982.854
19581626351107,982.8489
19581666549910,982.845
19581706350951,982.84424
19581746350274,982.8511
19581786352149,982.8501
19581826351993,982.8406
19581866386264,982.83594
19581906349545,982.8364
19581946348972,982.8374
19581986353295,982.8457
19582026353347,982.8445
19582066352097,982.84155
19582106351055,982.83594
19582146349962,982.8379
19582186353399,982.8391
19582226351993,982.83765
19582266352878,982.8364
19582306546785,982.8374
19582346349910,982.83594
19582386350066,982.84326
19582426352410,982.8474
19582466351472,982.8435
19582506413139,982.8391
19582546350951,982.84106
19582586349441,982.84106
19582626348816,982.8435
19582666352410,982.84033
19582706350795,982.8347
19582746351941,982.83887
19582786350118,982.84155
19582826354441,982.83813
19582866409024,982.84204
19582906352826,982.8428
19582946547618,982.84375
19582986349805,982.84595
19583026349805,982.85864
19583066354285,982.8528
19583106351524,982.853
19583146384493,982.843
19583186349701,982.8428
19583226350170,982.83276
19583266352149,982.82886
19583306354285,982.8369
19583346351837,982.8379
19583386351003,982.8364
19583426349805,982.8379
19583466352253,982.8428
19583506352149,982.83716
19583546351941,982.84106
19583586563191,982.8413
19583626349701,982.8418
19583666349753,982.8367
19583706368503,982.8325
19583746352149,982.8386
19583786351055,982.84424
19583826350014,982.8462
19583866349805,982.8457
19583906350326,982.8469
19583946469545,982.8467
19583986353816,982.8447
19584026351576,982.84033
19584066350066,982.843
19584106355795,982.8445
19584146377462,982.8501
19584186350847,982.84644
19584226517462,982.843
19584266350066,982.8447
19584306348868,982.84326
19584346352149,982.84033
19584386350326,982.8369
19584426366264,982.8391
19584466350639,982.83887
19584506350691,982.83984
19584546445535,982.8401
19584586353764,982.84375
19584626351576,982.84326
19584666350222,982.8401
19584706350222,982.84033
19584746352930,982.84546
19584786381680,982.8413
19584826352253,982.8467
19584866534753,982.84863
19584906349285,982.84326
19584946350482,982.8386
19584986353503,982.83984
19585026352566,982.84546
19585066357410,982.84717
19585106350066,982.85205
19585146351003,982.84717
19585186355118,982.8425
19585226353712,982.8401
19585266351264,982.8352
19585306351107,982.8335
19585346350482,982.834
19585386351993,982.83545
19585426405378,982.8357
19585466349389,982.83276
19585506494649,982.83325
19585546350326,982.83813
19585586353191,982.844
19585626351576,982.84766
19585666352982,982.8545
19585706352305,982.84644
19585746351003,982.8469
19585786350847,982.8489
19585826351420,982.84937
19585866352774,982.8496
19585906352618,982.8479
19585946349962,982.854
19585986350222,982.84766
19586026351837,982.83887
19586066352566,982.8391
19586106351732,982.83594
19586146449753,982.84595
19586186350118,982.8462
19586226349701,982.8533
19586266354962,982.8557
19586306352826,982.85815
19586346365639,982.8601
19586386349649,982.85645
19586426349857,982.8523
19586466353764,982.8484
19586506351420,982.84546
19586546349649,982.843
19586586349805,982.8484
19586626349805,982.8445
19586666351837,982.84717
19586706352514,982.8428
19586746349285,982.8408
19586786506732,982.83594
19586826349701,982.8423
19586866350066,982.8423
19586906352149,982.84375
19586946351107,982.83813
19586986352097,982.83936
19587026349805,982.834
19587066349753,982.8335
19587106352514,982.83154
19587146352149,982.83276
19587186351732,982.8345
19587226350639,982.83887
19587266350014,982.8374
19587306354389,982.8347
19587346352305,982.8362
19587386352357,982.84033
19587426532149,982.8401
19587466350743,982.8379
19587506349857,982.8391
19587546352462,982.8352
19587586351264,982.83813
19587626351889,982.84424
19587666350326,982.83325
19587706349753,982.8296
19587746353295,982.83984
19587786352149,982.8408
19587826349180,982.83545
19587866352149,982.8345
19587906350691,982.83325
19587946351003,982.83374
19587986354232,982.8308
19588026353920,982.8296
19588066484597,982.8384
19588106351055,982.8423
19588146350014,982.8452
19588186351785,982.8501
19588226352462,982.85205
19588266350847,982.85034
19588306349910,982.8489
19588346349285,982.8508
19588386353555,982.8496
19588426353035,982.844
19588466352045,982.8457
19588506351576,982.8535
19588546349805,982.8508
19588586350430,982.85547
19588626408660,982.84424
19588666352514,982.8474
19588706484076,982.85205
19588746350691,982.85205
19588786349649,982.8501
19588826353087,982.84717
19588866352930,982.8384
19588906354337,982.84106
19588946349857,982.83887
19588986349597,982.84375
19589026354805,982.8425
19589066352253,982.8474
19589106352357,982.84424
19589146350951,982.844
19589186350066,982.84033
19589226350118,982.83887
19589266351576,982.84033
19589306352722,982.84546
19589346456316,982.8423
19589386350222,982.8491
19589426351003,982.8584
19589466353191,982.86304
19589506350743,982.85474
19589546354649,982.85156
19589586351576,982.8457
19589626350743,982.8391
19589666353243,982.8408
19589706353035,982.8425
19589746353139,982.8345
19589786351628,982.84106
19589826349910,982.853
19589866350170,982.8513
19589906434076,982.85425
19589946352305,982.85376
19589986461889,982.85767
19590026350274,982.86255
19590066350378,982.8528
19590106396576,982.85815
19590146351576,982.8574
19590186351576,982.85596
19590226350795,982.8535
19590266349649,982.85156
19590306352514,982.84937
19590346352722,982.8401
19590386350274,982.8513
19590426350535,982.8533
19590466349701,982.8467
19590506349701,982.84326
19590546351628,982.845
19590586350639,982.8474
19590626432774,982.8479
19590666349701,982.8506
19590706349962,982.8528
19590746352149,982.84717
19590786352149,982.84985
19590826353816,982.8489
19590866351316,982.8484
19590906349285,982.84644
19590946352097,982.8518
19590986353920,982.8511
19591026352826,982.8618
19591066351993,982.8535
19591106349910,982.8523
19591146348764,982.844
19591186423555,982.84424
19591226356576,982.84033
19591266371107,982.8408
19591306350743,982.84033
19591346349024,982.84766
19591386351003,982.84595
19591426349649,982.8418
19591466350430,982.8474
19591506351212,982.8418
19591546350274,982.83716
19591586360326,982.8511
19591626451941,982.84546
19591666356107,982.8491
19591706365014,982.844
19591746350014,982.8435
19591786349701,982.8391
19591826358764,982.83325
19591866351472,982.8408
19591906432201,982.8347
19591946350170,982.84814
19591986350899,982.845
19592026350378,982.8496
19592066351785,982.855
19592106351732,982.8606
19592146349753,982.86035
19592186349910,982.85376
19592226351680,982.85547
19592266351576,982.8594
19592306351837,982.8594
19592346350639,982.8523
19592386350118,982.854
19592426350066,982.8467
19592466351680,982.8445
19592506353139,982.8506
19592546412982,982.85376
19592586349285,982.8452
19592626348972,982.8379
19592666352305,982.84863
19592706354857,982.845
19592746350899,982.843
19592786351107,982.84375
19592826349441,982.8491
19592866433295,982.85425
19592906353503,982.85474
19592946351837,982.855
19592986561003,982.8523
19593026349857,982.8401
19593066350482,982.84985
19593106349962,982.8462
19593146352722,982.8413
19593186413451,982.8391
19593226349805,982.8423
19593266349128,982.8374
19593306353503,982.8452
19593346352097,982.8491
19593386351212,982.844
19593426350222,982.8457
19593466349076,982.8518
19593506351993,982.85474
19593546352097,982.84644
19593586350378,982.8508
19593626487149,982.8533
19593666350482,982.8613
19593706349232,982.8672
19593746406680,982.864
19593786351993,982.8623
19593826420118,982.8611
19593866351055,982.8545
19593906350014,982.8528
19593946363972,982.8474
19593986351420,982.8501
19594026354128,982.8457
19594066349962,982.8528
19594106350535,982.84863
19594146351628,982.8513
19594186433555,982.8489
19594226350951,982.8518
19594266543555,982.86206
19594306349805,982.8667
19594346349285,982.8611
19594386358191,982.86035
19594426352253,982.8545
19594466378764,982.8496
19594506350326,982.8513
19594546349493,982.8474
19594586350378,982.84644
19594626352045,982.84766
19594666352305,982.83936
19594706351160,982.8479
19594746350066,982.8489
19594786353503,982.8467
19594826351941,982.8479
19594866351316,982.8496
19594906562566,982.85645
19594946350118,982.86035
19594986348712,982.8579
19595026386003,982.8589
19595066353607,982.8552
19595106376993,982.85596
19595146350639,982.85864
19595186350430,982.8535
19595226350535,982.85596
19595266353764,982.8511
19595306351889,982.85474
19595346350378,982.8513
19595386353139,982.8489
19595426351368,982.8518
19595466401055,982.8489
19595506352774,982.8523
19595546519337,982.86084
19595586349701,982.85767
19595626349285,982.8589
19595666352305,982.86206
19595706352670,982.85815
19595746363868,982.8535
19595786349857,982.84644
19595826351160,982.843
19595866352201,982.84546
19595906351993,982.844
19595946351055,982.83716
19595986350899,982.8369
19596026350535,982.84106
19596066352149,982.84814
19596106351368,982.8528
19596146351785,982.85815
19596186532253,982.855
19596226350795,982.85034
19596266350014,982.8511
19596306352878,982.8513
19596346352514,982.84717
19596386351212,982.85205
19596426350222,982.8545
19596466349805,982.85254
19596506352462,982.8635
19596546353399,982.86084
19596586350535,982.8584
19596626350482,982.8523
19596666349805,982.85156
19596706351837,982.8572
19596746350951,982.8496
19596786351837,982.8469
19596826354232,982.84595
19596866350378,982.84424
19596906349076,982.8423
19596946351160,982.84033
19596986351472,982.8384
19597026352462,982.84106
19597066349649,982.8413
19597106350326,982.8362
19597146353191,982.843
19597186352930,982.8496
19597226351107,982.8352
19597266350587,982.8352
19597306350743,982.8181
19597346351732,982.8269
19597386352722,982.8362
19597426352670,982.8396
19597466510587,982.8374
19597506350014,982.8491
19597546349701,982.8506
19597586424337,982.85913
19597626351472,982.86914
19597666349753,982.87305
19597706349753,982.8696
19597746349024,982.86694
19597786352357,982.8518
19597826353243,982.8606
19597866349910,982.8611
19597906351420,982.864
19597946350014,982.85986
19597986351107,982.8545
19598026352514,982.8579
19598066353243,982.8616
19598106511524,982.8601
19598146349857,982.8645
19598186349910,982.8623
19598226353295,982.8623
19598266352462,982.86426
19598306350118,982.8589
19598346349522,982.8574
19598386350355,982.85474
19598426351814,982.843
19598466351605,982.84644
19598506351241,982.8423
19598546350824,982.8401
19598586349730,982.84204
19598626350043,982.8467
19598666353064,982.8423
19598706351866,982.84766
19598746420668,982.84863
19598786353637,982.84644
19598826350147,982.8523
19598866352543,982.8462
19598906352439,982.83984
19598946349626,982.8467
19598986351137,982.8523
19599026349835,982.85913
19599066354470,982.86304
19599106348428,982.8618
19599146351241,982.85913
19599186350824,982.854
19599226349522,982.8508
19599266351553,982.85645
19599306351605,982.84814
19599346350772,982.8533
19599386473012,982.85864
19599426349470,982.855
19599466349835,982.8574
19599506351970,982.85767
19599546350407,982.8528
19599586352074,982.8501
19599626349939,982.8501
19599666349730,982.8574
19599706353793,982.8506
19599746351605,982.8474
19599786352543,982.8528
19599826351710,982.85254
19599866348949,982.8513
19599906349470,982.84814
19599946352907,982.845
19599986351918,982.8457
19600026478064,982.8491
19600066349835,982.8469
19600106349314,982.84766
19600146441137,982.845
19600186351657,982.8462
19600226349470,982.85474
19600266350668,982.8501
19600306350407,982.855
19600346352178,982.85547
19600386467491,982.8567
19600426351241,982.8552
19600466352855,982.8613
19600506349105,982.8562
19600546349210,982.854
19600586351970,982.8511
19600626352907,982.84937
19600666451814,982.84863
19600706349157,982.854
19600746350616,982.8506
19600786352074,982.84717
19600826351501,982.84204
19600866349991,982.84595
19600906351137,982.8484
19600946349939,982.8501
19600986349991,982.85596
19601026352230,982.8562
19601066356293,982.86206
19601106524835,982.8562
19601146349678,982.8484
19601186512543,982.8484
19601226383064,982.8425
19601266351866,982.83984
19601306469314,982.83936
19601346349470,982.8447
19601386348793,982.84424
19601426352491,982.84326
19601466351605,982.84424
19601506352178,982.85205
19601546358689,982.8511
19601586349991,982.83936
19601626353168,982.8379
19601666352178,982.8467
19601706352387,982.84766
19601746367647,982.8445
19601786350043,982.8396
19601826349835,982.84595
19601866350668,982.8501
19601906352178,982.8562
19601946451814,982.85767
19601986348793,982.8589
19602026350199,982.8594
19602066350772,982.85864
19602106352335,982.85986
19602146353949,982.8613
19602186350564,982.8513
19602226350668,982.8567
19602266351293,982.8545
19602306352282,982.8528
19602346352230,982.85474
19602386353220,982.84814
19602426348689,982.84595
19602466349835,982.8406
19602506460616,982.8428
19602546352751,982.85156
19602586428324,982.85205
19602626349991,982.8474
19602666349210,982.85376
19602706351345,982.84546
19602746353689,982.84937
19602786351397,982.8418
19602826350147,982.83936
19602866349626,982.83813
19602906351918,982.8369
19602946378012,982.8313
19602986352335,982.8391
19603026538741,982.8428
19603066349626,982.85034
19603106350303,982.8462
19603146440876,982.84326
19603186350824,982.8435
19603226413741,982.8469
19603266349053,982.8423
19603306349574,982.8452
19603346352595,982.84546
19603386353064,982.84375
19603426352907,982.8425
19603466350147,982.85205
19603506350407,982.86597
19603546352439,982.8662
19603586350303,982.8572
19603626349262,982.8606
19603666568949,982.865
19603706349001,982.8706
19603746350251,982.8694
19603786352855,982.8618
19603826352803,982.8562
19603866351710,982.8552
19603906349678,982.8594
19603946349470,982.8584
19603986351189,982.8616
19604026352282,982.86035
19604066354053,982.86084
19604106351032,982.85474
19604146349782,982.84814
19604186351553,982.8523
19604226352335,982.8479
19604266353168,982.85034
19604306530043,982.8457
19604346350095,982.84766
19604386349366,982.8469
19604426352022,982.84546
19604466350512,982.84155
19604506412647,982.8379
19604546348897,982.8369
19604586350303,982.845
19604626351866,982.8457
19604666352178,982.8423
19604706419157,982.8374
19604746348949,982.83765
19604786349626,982.8413
19604826353532,982.83545
19604866351085,982.83887
19604906350824,982.8408
19604946548897,982.845
19604986349366,982.84204
19605026350043,982.85205
19605066480147,982.85425
19605106353793,982.8513
19605146400303,982.85156
19605186349574,982.8513
19605226349470,982.8572
19605266354314,982.8601
19605306351814,982.855
19605346351762,982.8589
19605386351918,982.85913
19605426350876,982.84546
19605466351762,982.8425
19605506352387,982.8369
19605546352595,982.84326
19605586351605,982.844
19605626348376,982.84375
19605666349782,982.8408
19605706352699,982.84375
19605746354053,982.84106
19605786370407,982.8369
19605826348845,982.8296
19605866349522,982.83154
19605906355199,982.84424
19605946350824,982.84326
19605986351657,982.8457
19606026353793,982.8545
19606066350355,982.853
19606106352647,982.85596
19606146351137,982.8557
19606186353272,982.86035
19606226470512,982.8484
19606266349782,982.8513
19606306350095,982.8506
19606346352074,982.8428
19606386351814,982.8425
19606426396918,982.8496
19606466350512,982.84863
19606506350616,982.85376
19606546477907,982.8545
19606586352803,982.85156
19606626350616,982.84595
19606666351032,982.8425
19606706349887,982.8425
19606746352751,982.845
19606786351970,982.8457
19606826351814,982.8479
19606866352387,982.84424
19606906349001,982.85034
19606946350355,982.8601
19606986352803,982.85815
19607026353012,982.8489
19607066349626,982.8528
19607106349314,982.8584
19607146349678,982.8616
19607186351970,982.85474
19607226351970,982.86523
19607266351241,982.8572
19607306350303,982.85254
19607346354001,982.8523
19607386351814,982.8523
19607426408376,982.8506
19607466352230,982.8572
19607506497230,982.8623
19607546349730,982.8518
19607586349574,982.8474
19607626350564,982.84546
19607666352960,982.8584
19607706361241,982.8613
19607746348845,982.86646
19607786349678,982.8557
19607826352855,982.8579
19607866351189,982.8589
19607906351241,982.8562
19607946351918,982.85156
19607986349366,982.8511
19608026353324,982.8474
19608066352022,982.84546
19608106351553,982.8425
19608146481345,982.8425
19608186349470,982.84717
19608226348897,982.85254
19608266351345,982.8506
19608306350876,982.855
19608346360043,982.8552
19608386348741,982.8552
19608426349939,982.85645
19608466352178,982.85547
19608506353116,982.8596
19608546351189,982.864
19608586351293,982.8508
19608626349366,982.85376
19608666350980,982.86304
19608706352907,982.86597
19608746351605,982.8638
19608786491345,982.8606
19608826349678,982.85986
19608866349418,982.85864
19608906379939,982.8594
19608946351241,982.85254
19608986354574,982.8508
19609026348220,982.84424
19609066350355,982.8423
19609106349887,982.8367
19609146351657,982.8469
19609186352803,982.84106
19609226351501,982.8462
19609266349939,982.85156
19609306349730,982.83765
19609346352230,982.84326
19609386351449,982.84814
19609426469418,982.8452
19609466349782,982.8457
19609506353064,982.84937
19609546352595,982.8506
19609586351657,982.8518
19609626359626,982.84985
19609666349210,982.8496
19609706349262,982.8518
19609746351605,982.85547
19609786352335,982.8596
19609826350564,982.8684
19609866352126,982.86255
19609906349105,982.8574
19609946348272,982.86597
19609986353741,982.8635
19610026350720,982.8677
19610066479730,982.8706
19610106349939,982.8657
19610146349782,982.8716
19610186352387,982.86743
19610226351553,982.8667
19610266352282,982.8613
19610306348741,982.8557
19610346348897,982.853
19610386361605,982.854
19610426351501,982.8523
19610466350303,982.8533
19610506351657,982.8567
19610546349887,982.8467
19610586349105,982.84937
19610626350980,982.8408
19610666351137,982.84424
19610706439001,982.8413
19610746349314,982.8484
19610786349262,982.8484
19610826352282,982.85254
19610866351501,982.8506
19610906351241,982.845
19610946348637,982.84766
19610986350303,982.84863
19611026352282,982.8496
19611066351710,982.8447
19611106352230,982.83203
19611146352230,982.834
19611186349366,982.8345
19611226349262,982.8303
19611266354418,982.82935
19611306350668,982.8323
19611346412647,982.84424
19611386349730,982.85205
19611426349210,982.8562
19611466350980,982.85767
19611506351762,982.85767
19611546349470,982.85913
19611586351345,982.8645
19611626349887,982.865
19611666350928,982.8672
19611706353376,982.8552
19611746354991,982.855
19611786351657,982.85425
19611826349314,982.85596
19611866353168,982.85547
19611906348793,982.84644
19611946351345,982.8484
19611986465407,982.85693
19612026349887,982.8545
19612066349366,982.84814
19612106354678,982.853
19612146350303,982.8579
19612186352022,982.8574
19612226350303,982.85205
19612266350564,982.8406
19612306352230,982.8445
19612346351918,982.84717
19612386352960,982.8452
19612426352230,982.8452
19612466349418,982.8457
19612506348897,982.84937
19612546350460,982.8584
19612586352282,982.855
19612626449418,982.8511
19612666349522,982.85156
19612706349262,982.8562
19612746427439,982.8574
19612786352595,982.8633
19612826352335,982.86475
19612866350928,982.854
19612906348949,982.85767
19612946449730,982.85693
19612986351085,982.85376
19613026350355,982.85815
19613066352387,982.8533
19613106348741,982.854
19613146349314,982.8523
19613186424574,982.85156
19613226351918,982.85205
19613266444470,982.85156
19613306349782,982.8469
19613346349366,982.8528
19613386350980,982.8552
19613426349574,982.85156
19613466350460,982.8579
19613506349939,982.8523
19613546350095,982.844
19613586352178,982.8533
19613626350616,982.855
19613666352803,982.8523
19613706533637,982.85376
19613746350095,982.8535
19613786349626,982.85254
19613826415928,982.8567
19613866352335,982.86304
19613906461814,982.8557
19613946350147,982.85156
19613986348793,982.85376
19614026351762,982.8557
19614066351710,982.8528
19614106354105,982.84863
19614146349730,982.84766
19614186349210,982.85034
19614226369835,982.8491
19614266350668,982.85034
19614306353741,982.853
19614346352647,982.84766
19614386349574,982.84717
19614426348480,982.85474
19614466351449,982.8511
19614506353168,982.8491
19614546454001,982.8474
19614586350564,982.8447
19614626349678,982.8562
19614666353793,982.8518
19614706350980,982.8467
19614746350772,982.84814
19614786350824,982.8535
19614826350147,982.8501
19614866352126,982.83765
19614906352907,982.8367
19614946351762,982.8401
19614986353845,982.84424
19615026349574,982.84424
19615066350199,982.8474
19615106350251,982.8511
19615146351189,982.85254
19615186449991,982.85693
19615226349210,982.8633
19615266349262,982.8684
19615306444053,982.8738
19615346352178,982.87354
19615386351241,982.8706
19615426350980,982.86865
19615466349939,982.87134
19615506352647,982.8701
19615546354470,982.8662
19615586352491,982.8689
19615626352074,982.865
19615666348689,982.8596
19615706350043,982.85254
19615746351605,982.84644
19615786352647,982.84766
19615826436657,982.84375
19615866349210,982.8445
19615906351762,982.84375
19615946354157,982.84424
19615986352178,982.8386
19616026352178,982.844
19616066351293,982.8491
19616106353116,982.84985
19616146352074,982.8616
19616186351970,982.8613
19616226349366,982.8545
19616266353116,982.8545
19616306350147,982.8628
19616346347803,982.86694
19616386352074,982.86523
19616426352022,982.8611
19616466381762,982.86304
19616506349835,982.8657
19616546350512,982.86646
19616586351657,982.86255
19616626351345,982.8677
19616666351189,982.85815
19616706355668,982.8579
19616746349887,982.8628
19616786354418,982.8567
19616826351710,982.86035
19616866351814,982.8628
19616906351397,982.85474
19616946349470,982.85815
19616986349730,982.85156
19617026546137,982.8501
19617066356189,982.8611
19617106437751,982.8557
19617146350355,982.8425
19617186350147,982.83936
19617226351918,982.8374
19617266352543,982.8418
19617306354470,982.84717
19617346356866,982.8457
19617386349887,982.8452
19617426350668,982.85376
19617466350980,982.84546
19617506351814,982.84546
19617546353168,982.8423
19617586349782,982.8501
19617626349730,982.8511
19617666350772,982.85156
19617706350876,982.85645
19617746439835,982.8552
19617786350199,982.8596
19617826352022,982.8611
19617866352491,982.8535
19617906351137,982.854
19617946351710,982.85156
19617986350043,982.8462
19618026349626,982.8428
19618066426918,982.8435
19618106353428,982.8496
19618146351553,982.85205
19618186361970,982.85474
19618226350251,982.8594
19618266350147,982.85986
19618306355980,982.85645
19618346351189,982.8533
19618386436137,982.853
19618426349105,982.85254
19618466348845,982.8428
19618506357126,982.8496
19618546350876,982.8491
19618586355147,982.8452
19618626348585,982.845
19618666348949,982.83765
19618706351918,982.8303
19618746351241,982.8325
19618786349782,982.8369
19618826509574,982.83936
19618866349626,982.8457
19618906349887,982.84644
19618946424782,982.8484
19618986352074,982.8396
19619026431553,982.8367
19619066349887,982.83936
19619106350564,982.8367
19619146351710,982.83813
19619186350980,982.8425
19619226353428,982.8474
19619266349210,982.85156
19619306349262,982.84546
19619346350980,982.8435
19619386462282,982.8474
19619426351605,982.85376
19619466365824,982.85913
19619506349001,982.85913
19619546350980,982.86035
19619586353168,982.8616
19619626351032,982.8579
19619666407022,982.85034
19619706349835,982.84985
19619746349678,982.8508
19619786352126,982.8462
19619826351449,982.84424
19619866351501,982.85205
19619906349105,982.8506
19619946349991,982.8435
19619986354991,982.83813
19620026352855,982.8384
19620066354730,982.83716
19620106352439,982.83374
19620146349730,982.8364
19620186349835,982.83716
19620226349574,982.844
19620266351657,982.8467
19620306465460,982.845
19620346349782,982.84717
19620386349782,982.8379
19620426353585,982.8364
19620466352282,982.8447
19620506353793,982.8425
19620546349574,982.8462
19620586349105,982.84033
19620626352647,982.84375
19620666351137,982.843
19620706351710,982.8425
19620746575876,982.84937
19620786349991,982.84814
19620826352543,982.854
19620866351397,982.8511
19620906351293,982.85254
19620946437439,982.8508
19620986349314,982.84766
19621026349730,982.85156
19621066352699,982.8489
19621106351553,982.84424
19621146352960,982.8423
19621186349574,982.8428
19621226349730,982.8484
19621266351866,982.85254
19621306350564,982.8469
19621346349939,982.8428
19621386352699,982.8386
19621426349835,982.8384
19621466349730,982.8491
19621506351397,982.8506
19621546352647,982.84863
19621586354470,982.85034
19621626349939,982.85034
19621666349418,982.8406
19621706351032,982.8489
19621746351032,982.84546
19621786351970,982.8413
19621826349626,982.8396
19621866349157,982.8342
19621906351918,982.83936
19621946352074,982.8413
19621986353741,982.83813
19622026366241,982.8413
19622066350043,982.85205
19622106348793,982.854
19622146352178,982.85034
19622186351710,982.84546
19622226447543,982.8513
19622266349366,982.8489
19622306349835,982.8533
19622346351397,982.85474
19622386354574,982.85767
19622426352126,982.8616
19622466350668,982.85767
19622506349314,982.8452
19622546351710,982.84375
19622586351553,982.8408
19622626352647,982.8342
19622666363116,982.8367
19622706349678,982.8386
19622746349157,982.8386
19622786354991,982.84546
19622826352282,982.84595
19622866474470,982.85376
19622906350772,982.84375
19622946350147,982.84424
19622986353532,982.8418
19623026352074,982.84155
19623066352178,982.83496
19623106349835,982.8413
19623146349730,982.8369
19623186349522,982.8279
19623226352230,982.82495
19623266352439,982.82666
19623306555512,982.83716
19623346349730,982.83545
19623386349887,982.8313
19623426354001,982.83813
19623466353585,982.8428
19623506434418,982.84424
19623546350199,982.8435
19623586349262,982.8418
19623626384991,982.8467
19623666351293,982.8452
19623706353845,982.84595
19623746351553,982.8491
19623786349522,982.8462
19623826352282,982.8469
19623866352282,982.8367
19623906439053,982.8391
19623946502751,982.8323
19623986350043,982.83716
19624026349887,982.8423
19624066428897,982.84033
19624106351397,982.84106
19624146454574,982.8457
19624186349782,982.83716
19624226349366,982.83716
19624266350720,982.8462
19624306352282,982.8447
19624346353272,982.8447
19624386349157,982.8479
19624426349314,982.8462
19624466367126,982.84546
19624506437699,982.8435
19624546349262,982.844
19624586563793,982.83496
19624626349366,982.8413
19624666349366,982.8508
19624706351918,982.85034
19624746353689,982.83887
19624786355147,982.8391
19624826349678,982.8323
19624866349991,982.83374
19624906352074,982.84424
19624946353168,982.8601
19624986351293,982.85205
19625026349730,982.85547
19625066350564,982.854
19625106352439,982.8511
19625146350668,982.8523
19625186351449,982.8418
19625226565199,982.84326
19625266349939,982.844
19625306348793,982.84155
19625346368897,982.83813
19625386351814,982.833
19625426440512,982.83203
19625466350043,982.82983
19625506349678,982.8362
19625546351397,982.8364
19625586350720,982.8318
19625626354001,982.8352
19625666349053,982.8396
19625706349210,982.8406
19625746351710,982.8508
19625786352751,982.85864
19625826350668,982.86523
19625866569262,982.86035
19625906348741,982.8623
19625946349939,982.85767
19625986431814,982.8596
19626026351137,982.85034
19626066433116,982.8518
19626106349678,982.8552
19626146350251,982.85767
19626186351657,982.85596
19626226351605,982.84985
19626266351814,982.84546
19626306351918,982.8479
19626346349418,982.85205
19626386351866,982.8562
19626426351293,982.8645
19626466350407,982.8638
19626506574053,982.8616
19626546349678,982.84937
19626586349730,982.8479
19626626350512,982.84814
19626666352387,982.8474
19626706349782,982.8484
19626746349366,982.85205
19626786349991,982.8506
19626826348949,982.85254
19626866351032,982.8474
19626906352439,982.8457
19626946350928,982.83984
19626986349678,982.8479
19627026351762,982.84814
19627066403272,982.8579
19627106352907,982.8567
19627146353637,982.86255
19627186349418,982.85815
19627226351553,982.8601
19627266362751,982.8513
19627306351553,982.8657
19627346396085,982.85986
19627386350460,982.8574
19627426350668,982.85693
19627466352230,982.8572
19627506353324,982.8447
19627546351553,982.83936
19627586351605,982.8374
19627626349678,982.8345
19627666351605,982.8374
19627706352230,982.8374
19627746350772,982.834
19627786548897,982.83594
19627826348897,982.833
19627866349939,982.83374
19627906351657,982.83765
19627946351189,982.8508
19627986413116,982.8479
19628026349678,982.84546
19628066350460,982.8508
19628106381241,982.84375
19628146351866,982.8469
19628186351553,982.85645
19628226351762,982.8506
19628266348897,982.8447
19628306351553,982.8462
19628346442751,982.8452
19628386352439,982.84595
19628426563376,982.853
19628466349522,982.85254
19628506350303,982.84766
19628546352126,982.8518
19628586351449,982.8557
19628626408741,982.85986
19628666349366,982.85693
19628706349730,982.854
19628746351605,982.8462
19628786351657,982.8484
19628826352387,982.8511
19628866351345,982.8518
19628906348689,982.854
19628946353585,982.8618
19628986351605,982.85815
19629026349678,982.855
19629066467647,982.85205
19629106350199,982.84644
19629146349418,982.84424
19629186352335,982.8401
19629226351397,982.83325
19629266411710,982.83325
19629306349782,982.8242
19629346349053,982.8281
19629386355147,982.822
19629426352491,982.822
19629466352751,982.8296
19629506353220,982.8357
19629546348845,982.8274
19629586352126,982.82446
19629626350876,982.8237
19629666355043,982.82104
19629706543793,982.8269
19629746349418,982.82983
19629786350043,982.83057
19629826352126,982.8352
19629866352126,982.8386
19629906398220,982.8386
19629946350303,982.83887
19629986349574,982.8325
19630026352335,982.83325
19630066351241,982.8391
19630106353689,982.84595
19630146351553,982.84375
19630186349991,982.84814
19630226351657,982.84546
19630266352543,982.84644
19630306352178,982.8396
19630346539314,982.8345
19630386349730,982.8423
19630426349418,982.8401
19630466353897,982.83374
19630506351397,982.82715
19630546392803,982.82715
19630586349522,982.833
19630626349574,982.83057
19630666362126,982.8391
19630706350720,982.84106
19630746353220,982.84106
19630786350980,982.8386
19630826349157,982.844
19630866351605,982.83813
19630906360095,982.8391
19630946352960,982.83594
19630986509105,982.82886
19631026349782,982.82007
19631066353168,982.8179
19631106351501,982.822
19631146350251,982.8279
19631186373480,982.8264
19631226349626,982.8301
19631266349210,982.8303
19631306352543,982.8335
19631346350460,982.83374
19631386352907,982.8362
19631426351970,982.8369
19631466350407,982.8425
19631506352699,982.8479
19631546351397,982.84326
19631586350512,982.8401
19631626531397,982.8484
19631666349210,982.8357
19631706349887,982.8384
19631746353012,982.8408
19631786351293,982.8379
19631826351449,982.83374
19631866349835,982.82324
19631906350043,982.8313
19631946351189,982.8198
19631986351449,982.8179
19632026349782,982.8203
19632066351970,982.8247
19632106349678,982.82666
19632146351762,982.8301
19632186356918,982.83496
19632226352491,982.8384
19632266498532,982.8428
19632306349574,982.84106
19632346351241,982.8452
19632386352022,982.8374
19632426353532,982.83887
19632466404105,982.8384
19632506349157,982.84424
19632546350616,982.8367
19632586350251,982.83813
19632626350460,982.8462
19632666353897,982.844
19632706350616,982.8479
19632746349782,982.84326
19632786352491,982.8384
19632826351397,982.8357
19632866351657,982.83936
19632906519105,982.8342
19632946349314,982.83057
19632986349678,982.83154
19633026350512,982.8301
19633066350772,982.8325
19633106359939,982.83496
19633146348741,982.8335
19633186348897,982.8323
19633226350199,982.823
19633266353428,982.8264
19633306351814,982.82935
19633346350616,982.83325
19633386349314,982.8408
19633426353480,982.8384
19633466350564,982.83057
19633506350303,982.83594
19633546516553,982.83057
19633586349262,982.8396
19633626349730,982.83374
19633666352178,982.8452
19633706352491,982.8469
19633746354939,982.8474
19633786349157,982.84204
19633826349939,982.84766
19633866353845,982.8425
19633906350616,982.8335
19633946353845,982.8364
19633986352022,982.83154
19634026349991,982.83545
19634066352074,982.8303
19634106350772,982.84106
19634146351918,982.8342
19634186436449,982.83374
19634226349574,982.83765
19634266349782,982.83716
19634306363741,982.833
19634346351189,982.8352
19634386395460,982.8335
19634426350720,982.8313
19634466349574,982.8213
19634506352803,982.823
19634546351085,982.822
19634586351241,982.8247
19634626349835,982.8218
19634666352960,982.82104
19634706352282,982.8179
19634746363741,982.8281
19634786351397,982.8318
19634826491293,982.822
19634866350564,982.82324
19634906350147,982.82104
19634946352699,982.8164
19634986354053,982.8159
19635026355147,982.8196
19635066349105,982.8247
19635106350199,982.82495
19635146354001,982.82983
19635186350512,982.83325
19635226351553,982.8325
19635266351449,982.83276
19635306349991,982.844
19635346352803,982.8484
19635386350668,982.8508
19635426351501,982.83716
19635466491241,982.8379
19635506349574,982.82935
19635546350407,982.83765
19635586383012,982.82837
19635626351657,982.8303
19635666354939,982.8323
19635706348845,982.8357
19635746349522,982.8286
19635786351762,982.83105
19635826351657,982.824
19635866352907,982.8335
19635906351501,982.8347
19635946349626,982.83203
19635986354835,982.8264
19636026349678,982.82446
19636066351397,982.8274
19636106475564,982.83057
19636146349418,982.8313
19636186349210,982.82983
19636226351553,982.83203
19636266351814,982.8237
19636306350043,982.8281
19636346349626,982.8296
19636386349262,982.82324
19636426352230,982.8159
19636466351189,982.81445
19636506352230,982.8086
19636546352751,982.81323
19636586348845,982.823
19636626354939,982.8235
19636666351501,982.8176
19636706351553,982.8264
19636746493793,982.8257
19636786349574,982.8303
19636826350147,982.83325
19636866350980,982.83496
19636906351501,982.83276
19636946354418,982.833
19636986349470,982.83325
19637026349314,982.8347
19637066527907,982.8286
19637106352126,982.8364
19637146351814,982.82935
19637186352282,982.8279
19637226349105,982.82935
19637266352335,982.8303
19637306363272,982.82056
19637346353741,982.8159
19637386486085,982.8147
19637426349001,982.8213
19637466349105,982.8203
19637506351762,982.824
19637546352543,982.8262
19637586351189,982.82324
19637626349001,982.82715
19637666349782,982.8235
19637706351657,982.82227
19637746351189,982.8159
19637786350876,982.8176
19637826351657,982.81616
19637866348376,982.81934
19637906349939,982.824
19637946351553,982.8247
19637986352335,982.8196
19638026466293,982.8179
19638066349210,982.81226
19638106350407,982.8242
19638146352178,982.8274
19638186352543,982.83887
19638226349314,982.8391
19638266348897,982.83887
19638306349522,982.83325
19638346351814,982.8296
19638386351241,982.82983
19638426349730,982.8198
19638466350355,982.81714
19638506350512,982.8213
19638546349210,982.8152
19638586351397,982.81445
19638626352855,982.82227
19638666473428,982.8198
19638706349626,982.8203
19638746350512,982.82056
19638786351397,982.8159
19638826354210,982.8147
19638866349418,982.8147
19638906349001,982.8125
19638946349470,982.82056
19638986353845,982.822
19639026351449,982.8152
19639066352126,982.8154
19639106350824,982.80493
19639146348897,982.81494
19639186349366,982.8191
19639226350824,982.82715
19639266351866,982.82153
19639306408064,982.8191
19639346349314,982.8152
19639386349730,982.82227
19639426350980,982.82446
19639466351710,982.8218
19639506349418,982.8176
19639546350824,982.8247
19639586349522,982.83325
19639626350043,982.8262
19639666351085,982.82495
19639706352595,982.82446
19639746352022,982.8259
19639786349626,982.8259
19639826349262,982.8301
19639866363637,982.83154
19639906350564,982.833
19639946484626,982.8252
19639986349366,982.8164
19640026350824,982.82324
19640066352647,982.8262
19640106350355,982.8262
19640146352387,982.8281
19640186350043,982.83496
19640226349782,982.83545
19640266351553,982.84106
19640306352126,982.8379
19640346352074,982.83057
19640386352960,982.8286
19640426349678,982.824
19640466348793,982.81104
19640506351085,982.8074
19640546352387,982.81616
19640586460095,982.8157
19640626349470,982.82007
19640666349939,982.8154
19640706350512,982.80786
19640746350772,982.8003
19640786352126,982.80396
19640826348637,982.8103
19640866349366,982.81714
19640906351814,982.8264
19640946351710,982.83325
19640986351866,982.83496
19641026351918,982.8357
19641066349210,982.83374
19641106348116,982.8296
19641146351710,982.822
19641186349939,982.8164
19641226433897,982.8157
19641266349210,982.8191
19641306350043,982.81665
19641346352022,982.81396
19641386352387,982.8074
19641426351293,982.80493
19641466349470,982.8093
19641506350095,982.8137
19641546355616,982.8176
19641586351345,982.82764
19641626350720,982.83203
19641666527803,982.81494
19641706349626,982.8237
19641746349418,982.8252
19641786351345,982.82837
19641826351449,982.82715
19641866470824,982.8347
19641906349210,982.8257
19641946350303,982.82446
19641986351449,982.82544
19642026351241,982.834
19642066353168,982.8308
19642106349157,982.82666
19642146349366,982.8279
19642186351293,982.82983
19642226353064,982.8279
19642266352335,982.824
19642306562387,982.8225
19642346349262,982.82764
19642386351449,982.8296
19642426352595,982.82886
19642466352230,982.8169
19642506449522,982.82324
19642546350564,982.82153
19642586349782,982.81665
19642626353220,982.80786
19642666351553,982.80884
19642706351918,982.8025
19642746355043,982.7986
19642786348845,982.7998
19642826356449,982.80225
19642866350251,982.80444
19642906350772,982.8135
19642946364105,982.81274
19642986349418,982.8091
19643026348689,982.7981
19643066351553,982.8091
19643106350772,982.8159
19643146431449,982.8093
19643186349939,982.80835
19643226350928,982.81274
19643266406345,982.8218
19643306351189,982.8247
19643346352126,982.8191
19643386348741,982.82104
19643426348845,982.8259
19643466364678,982.8281
19643506351397,982.8291
19643546351137,982.83325
19643586566293,982.8391
19643626349730,982.83325
19643666349210,982.8303
19643706351657,982.83154
19643746351814,982.833
19643786402751,982.824
19643826349470,982.8237
19643866349470,982.81616
19643906412491,982.8235
19643946350876,982.81396
19643986351866,982.8147
19644026349210,982.81445
19644066349314,982.82227
19644106351710,982.8213
19644146350460,982.8203
19644186350460,982.81885
19644226600668,982.8164
19644266350095,982.8113
19644306349574,982.80347
19644346404366,982.81396
19644386351293,982.8091
19644426358532,982.8052
19644466349574,982.7949
19644506348949,982.7969
19644546354262,982.80005
19644586352074,982.80493
19644626353220,982.80664
19644666349418,982.8137
19644706349782,982.8137
19644746352387,982.81006
19644786404105,982.8164
19644826352699,982.8198
19644866363949,982.81616
19644906349730,982.81934
19644946349730,982.824
19644986352491,982.8218
19645026348428,982.8176
19645066390616,982.81665
19645106349939,982.8186
19645146349053,982.8086
19645186353220,982.7991
19645226351449,982.79224
19645266352699,982.7969
19645306351501,982.7886
19645346349314,982.79297
19645386351814,982.7925
19645426351449,982.79785
19645466351293,982.78906
19645506558845,982.7898
19645546350460,982.7854
19645586352074,982.7949
19645626353897,982.79663
19645666350616,982.80786
19645706396814,982.8115
19645746349157,982.8142
19645786350147,982.8091
19645826352855,982.8074
19645866351762,982.81104
19645906351970,982.8076
19645946351553,982.8181
19645986349105,982.82495
19646026353376,982.8235
19646066442751,982.82056
19646106351866,982.81226
19646146522178,982.81226
19646186349522,982.8059
19646226349939,982.8098
19646266351241,982.80835
19646306354366,982.8093
19646346402751,982.80786
19646386349991,982.8103
19646426350460,982.80493
19646466351189,982.80273
19646506351241,982.81665
19646546353168,982.81616
19646586350043,982.8203
19646626350095,982.80444
19646666352595,982.80566
19646706350407,982.80225
19646746396657,982.81104
19646786472439,982.8115
19646826349730,982.8008
19646866349210,982.8071
19646906349991,982.8025
19646946351657,982.803
19646986414887,982.8032
19647026349730,982.8025
19647066350720,982.8025
19647106350720,982.8037
19647146351501,982.812
19647186350251,982.8096
19647226349366,982.8086
19647266349678,982.80615
19647306352022,982.8152
19647346368012,982.81006
19647386352751,982.8096
19647426532387,982.81177
19647466349522,982.81177
19647506350616,982.8081
19647546357595,982.81226
19647586352387,982.813
19647626394626,982.8086
19647666349157,982.8103
19647706350095,982.8069
19647746352595,982.8103
19647786351397,982.8093
19647826350616,982.8071
19647866350043,982.8176
19647906349782,982.8074
19647946352126,982.80225
19647986350928,982.79224
19648026350303,982.79443
19648066526241,982.7988
19648106349782,982.7925
19648146348949,982.7991
19648186352647,982.8008
19648226351501,982.7971
19648266393793,982.80347
19648306349626,982.8003
19648346348845,982.8008
19648386351762,982.80273
19648426350876,982.80273
19648466350303,982.80444
19648506351085,982.80664
19648546349314,982.8142
19648586351293,982.81445
19648626471345,982.81055
19648666351085,982.8093
19648706515720,982.8164
19648746350772,982.8181
19648786351657,982.8103
19648826353428,982.8071
19648866349887,982.803
19648906384366,982.7991
19648946349991,982.79565
19648986350043,982.8008
19649026351189,982.7947
19649066352178,982.80054
19649106352387,982.8054
19649146350512,982.8098
19649186349470,982.8042
19649226350616,982.8091
19649266351553,982.80835
19649306353689,982.81885
19649346569678,982.8152
19649386350251,982.8213
19649426350824,982.82104
19649466372595,982.81494
19649506351657,982.8147
19649546351449,982.81396
19649586350199,982.8081
19649626350460,982.81104
19649666351345,982.81714
19649706351866,982.82446
19649746352126,982.82983
19649786350199,982.83276
19649826349887,982.8296
19649866351501,982.82886
19649906355303,982.8269
19649946352178,982.8279
19649986484418,982.81494
19650026349262,982.8081
19650066353220,982.81396
19650106353012,982.8113
19650146351605,982.81494
19650186372178,982.81274
19650226349522,982.81323
19650266350147,982.80835
19650306351449,982.81445
19650346351449,982.81055
19650386351189,982.81396
19650426352387,982.8108
19650466349210,982.8091
19650506351241,982.80884
19650546351866,982.8086
19650586351970,982.8076
19650626503324,982.8152
19650666349418,982.81665
19650706349991,982.823
19650746438116,982.8208
19650786351345,982.81226
19650826353949,982.81104
19650866349262,982.8103
19650906349835,982.82056
19650946441189,982.81836
19650986351501,982.81714
19651026350720,982.8218
19651066352803,982.81177
19651106349105,982.8108
19651146357126,982.81445
19651186353845,982.80835
19651226350460,982.81104
19651266475928,982.82007
19651306349418,982.8225
19651346349105,982.8196
19651386352335,982.82275
19651426350460,982.82544
19651466354470,982.82666
19651506349887,982.8237
19651546349626,982.8237
19651586356553,982.8191
19651626350928,982.81616
19651666351657,982.81323
19651706351241,982.81006
19651746349782,982.813
19651786352699,982.81665
19651826350980,982.81616
19651866351241,982.8237
19651906426449,982.82446
19651946349835,982.8169
19651986348845,982.8235
19652026469314,982.8164
19652066351762,982.81885
19652106360355,982.813
19652146349730,982.8186
19652186349574,982.82153
19652226476293,982.8198
19652266351762,982.82007
19652306352595,982.823
19652346351762,982.82275
19652386350355,982.8262
19652426348741,982.81836
19652466352022,982.8181
19652506351866,982.8186
19652546469887,982.8269
19652586349782,982.833
19652626349782,982.82544
19652666351710,982.82446
19652706350460,982.82153
19652746351137,982.824
19652786348897,982.82153
19652826349314,982.82495
19652866351449,982.82153
19652906352022,982.8076
19652946351918,982.8103
19652986350043,982.8037
19653026349314,982.80835
19653066350616,982.8093
19653106351345,982.8091
19653146352335,982.8159
19653186505824,982.81616
19653226349522,982.8147
19653266350199,982.8257
19653306367543,982.8237
19653346351345,982.8225
19653386349835,982.82007
19653426349730,982.8235
19653466349730,982.82153
19653506350251,982.81885
19653546351710,982.8181
19653586351449,982.8142
19653626352907,982.81665
19653666348845,982.8186
19653706351762,982.8157
19653746350043,982.8135
19653786352543,982.8159
19653826454366,982.8142
19653866349366,982.813
19653906349053,982.8137
19653946351970,982.8137
19653986350772,982.8115
19654026350876,982.81616
19654066349157,982.8186
19654106351032,982.8142
19654146350928,982.8152
19654186350720,982.8137
19654226351866,982.812
19654266557699,982.8164
19654306350407,982.8113
19654346350095,982.80054
19654386350512,982.812
19654426351605,982.8098
19654466480303,982.81177
19654506349470,982.813
19654546350251,982.8113
19654586349835,982.8113
19654626351605,982.81445
19654666354001,982.8196
19654706348272,982.8176
19654746350251,982.81836
19654786353012,982.82104
19654826352855,982.8176
19654866352803,982.823
19654906352387,982.8174
19654946349001,982.81714
19654986350616,982.81323
19655026380668,982.8247
19655066351762,982.8203
19655106440668,982.8169
19655146349939,982.8157
19655186349574,982.8142
19655226352022,982.8071
19655266350876,982.8108
19655306349835,982.81055
19655346348428,982.8137
19655386349522,982.81226
19655426352022,982.8137
19655466351710,982.8069
19655506350460,982.8047
19655546352230,982.8054
19655586349366,982.8147
19655626348324,982.80884
19655666350980,982.81226
19655706352595,982.8186
19655746445407,982.81226
19655786349939,982.8137
19655826350251,982.81226
19655866351449,982.8159
19655906350460,982.8091
19655946350772,982.8096
19655986350616,982.7971
19656026349522,982.80225
19656066351085,982.7959
19656106350876,982.8076
19656146352647,982.80493
19656186363168,982.80566
19656226349001,982.812
19656266348480,982.8115
19656306351293,982.81494
19656346352074,982.8125
19656386435512,982.8071
19656426348689,982.80835
19656466352855,982.80835
19656506352647,982.8025
19656546352126,982.8154
19656586352178,982.80786
19656626348897,982.8071
19656666350043,982.80664
19656706351814,982.8108
19656746352022,982.81177
19656786351553,982.8125
19656826352751,982.81104
19656866350147,982.8142
19656906349626,982.82104
19656946351397,982.81323
19656986351397,982.8074
19657026369522,982.8037
19657066348949,982.812
19657106350199,982.8115
19657146350355,982.80786
19657186352230,982.7986
19657226352335,982.79663
19657266352543,982.79297
19657306348897,982.7903
19657346350876,982.7971
19657386351866,982.8113
19657426351970,982.81616
19657466536501,982.81177
19657506349105,982.8176
19657546350668,982.8108
19657586351137,982.8179
19657626354574,982.8174
19657666407543,982.82056
19657706349001,982.8198
19657746351345,982.82666
19657786351918,982.82324
19657826351137,982.82104
19657866354887,982.82007
19657906349366,982.81616
19657946349626,982.8091
19657986351657,982.80835
19658026352178,982.8152
19658066349157,982.812
19658106566866,982.8203
19658146350355,982.824
19658186353428,982.82007
19658226351189,982.822
19658266351501,982.824
19658306414574,982.822
19658346349186,982.8154
19658386349134,982.8125
19658426354551,982.81055
19658466353249,982.803
19658506351009,982.80347
19658546351686,982.8025
19658586349343,982.80566
19658626353249,982.8064
19658666354030,982.80273
19658706350645,982.802
19658746518614,982.8013
19658786349447,982.8076
19658826353561,982.8096
19658866354551,982.80786
19658906351009,982.81445
19658946456895,982.8093
19658986349707,982.81104
19659026348405,982.8098
19659066351374,982.8086
19659106350228,982.8098
19659146352207,982.81006
19659186351218,982.80835
19659226350020,982.80396
19659266354968,982.8032
19659306350853,982.81006
19659346354499,982.8164
19659386480228,982.8157
19659426350020,982.8191
19659466349499,982.8235
19659506349968,982.81836
19659546351426,982.81616
19659586407832,982.81104
19659626349655,982.81494
19659666349395,982.81055
19659706354811,982.81616
19659746351895,982.80664
19659786353093,982.80493
19659826351114,982.80664
19659866349447,982.81177
19659906352051,982.8115
19659946353614,982.8142
19659986352624,982.81274
19660026508666,982.80884
19660066349343,982.8042
19660106350228,982.81055
19660146351947,982.8186
19660186352572,982.81714
19660226390176,982.8247
19660266348874,982.8257
19660306350332,982.8257
19660346351739,982.8208
19660386351166,982.8291
19660426353197,982.82275
19660466350124,982.81714
19660506349395,982.8093
19660546356634,982.81177
19660586353718,982.80054
19660626350905,982.80664
19660666531999,982.7986
19660706349551,982.80835
19660746349655,982.8115
19660786351114,982.8125
19660826351114,982.81616
19660866398561,982.8169
19660906349707,982.8152
19660946349291,982.82007
19660986353718,982.8069
19661026353353,982.79565
19661066351686,982.7998
19661106349239,982.7954
19661146349655,982.80347
19661186352207,982.7976
19661226354186,982.79956
19661266349291,982.79834
19661306512103,982.80884
19661346349551,982.8113
19661386348770,982.8096
19661426351061,982.8076
19661466349968,982.81177
19661506380749,982.8091
19661546350228,982.8103
19661586348978,982.82104
19661626353093,982.823
19661666350697,982.8262
19661706349864,982.82227
19661746353301,982.82153
19661786350020,982.8164
19661826358093,982.80615
19661866349030,982.8003
19661906350332,982.79736
19661946509030,982.8059
19661986349239,982.8064
19662026349603,982.8015
19662066354707,982.80884
19662106351739,982.8108
19662146352989,982.8179
19662186349343,982.8159
19662226349291,982.82446
19662266356791,982.82227
19662306354864,982.8096
19662346351843,982.8174
19662386351947,982.823
19662426350072,982.8176
19662466353145,982.8096
19662506353509,982.8147
19662546349864,982.8103
19662586354447,982.81494
19662626349239,982.8169
19662666350228,982.8264
19662706354186,982.8213
19662746350593,982.8225
19662786362676,982.8181
19662826349447,982.8047
19662866350176,982.8037
19662906353093,982.81055
19662946350905,982.8147
19662986353093,982.8176
19663026351478,982.8103
19663066349291,982.8096
19663106354551,982.81055
19663146356582,982.8013
19663186350853,982.8052
19663226477155,982.79736
19663266349759,982.8069
19663306352676,982.81445
19663346353926,982.8071
19663386351999,982.803
19663426354134,982.8037
19663466348718,982.80273
19663506349239,982.81445
19663546353041,982.8186
19663586353197,982.8235
19663626350384,982.8257
19663666351322,982.8274
19663706349551,982.82764
19663746357728,982.8301
19663786354134,982.8296
19663826353978,982.81714
19663866472051,982.8174
19663906348978,982.8152
19663946351374,982.8081
19663986351582,982.80835
19664026351530,982.8108
19664066350436,982.8191
19664106349395,982.82227
19664146350853,982.82935
19664186352155,982.82837
19664226349811,982.8281
19664266349759,982.8257
19664306352311,982.8259
19664346350020,982.8308
19664386351843,982.8274
19664426353614,982.8169
19664466351530,982.8198
19664506404343,982.8242
19664546350228,982.81934
19664586352780,982.81055
19664626352884,982.80664
19664666352676,982.8098
19664706351634,982.8198
19664746349291,982.81445
19664786349759,982.8179
19664826350593,982.81616
19664866353666,982.8152
19664906349864,982.8203
19664946352207,982.8257
19664986348822,982.822
19665026350176,982.8203
19665066354082,982.80835
19665106350905,982.8093
19665146447259,982.8135
19665186349707,982.81104
19665226352728,982.8125
19665266353666,982.8074
19665306349499,982.80615
19665346351947,982.8096
19665386349655,982.8186
19665426350072,982.82544
19665466351843,982.8213
19665506357728,982.8164
19665546352051,982.8152
19665586351686,982.8274
19665626349082,982.82275
19665666349551,982.8174
19665706355228,982.8086
19665746352520,982.8113
19665786428666,982.8191
19665826350489,982.8262
19665866350436,982.8098
19665906354239,982.803
19665946351218,982.79736
19665986350489,982.8054
19666026350124,982.8025
19666066350020,982.8091
19666106353405,982.80176
19666146348457,982.7942
19666186351114,982.7915
19666226351218,982.7993
19666266349239,982.80273
19666306349551,982.81104
19666346352728,982.81836
19666386350905,982.8135
19666426421686,982.8091
19666466349968,982.80884
19666506351895,982.8113
19666546354499,982.8181
19666586352311,982.8198
19666626351634,982.823
19666666348666,982.8237
19666706351634,982.8252
19666746353666,982.823
19666786351426,982.80884
19666826351843,982.80615
19666866539811,982.8076
19666906349291,982.80444
19666946349655,982.8032
19666986350124,982.81177
19667026350697,982.8069
19667066428978,982.81104
19667106350384,982.8157
19667146349447,982.8169
19667186348770,982.8169
19667226355541,982.8152
19667266353197,982.8181
19667306351061,982.8137
19667346349551,982.81104
19667386353614,982.80786
19667426353978,982.8071
19667466351530,982.81055
19667506361791,982.8159
19667546349759,982.8154
19667586356947,982.8157
19667626352989,982.82007
19667666350384,982.823
19667706401843,982.8152
19667746349447,982.81323
19667786350332,982.8064
19667826352416,982.80664
19667866351270,982.81396
19667906352259,982.81104
19667946349811,982.8071
19667986348978,982.8164
19668026353509,982.81006
19668066353822,982.8164
19668106355332,982.81665
19668146585801,982.81494
19668186349916,982.81226
19668226355749,982.8113
19668266353874,982.8081
19668306351322,982.813
19668346410697,982.8069
19668386350593,982.8032
19668426350541,982.80273
19668466353093,982.80176
19668506353145,982.80054
19668546352624,982.79785
19668586349707,982.8015
19668626348405,982.803
19668666353509,982.8003
19668706353197,982.7991
19668746351634,982.7971
19668786352103,982.79517
19668826349603,982.7986
19668866349291,982.80347
19668906353145,982.8037
19668946350853,982.81055
19668986403770,982.812
19669026349811,982.81006
19669066352259,982.81714
19669106352468,982.8098
19669146351530,982.81055
19669186352311,982.8081
19669226352103,982.8108
19669266351166,982.8047
19669306359395,982.8086
19669346353718,982.80835
19669386351739,982.80444
19669426532207,982.80444
19669466349707,982.802
19669506355124,982.80273
19669546353666,982.8093
19669586352155,982.8103
19669626350124,982.802
19669666350853,982.80005
19669706348874,982.801
19669746353718,982.7971
19669786352207,982.7915
19669826351791,982.79736
19669866349291,982.802
19669906348249,982.7954
19669946353145,982.7937
19669986354291,982.80054
19670026354603,982.80615
19670066514551,982.80786
19670106349082,982.80444
19670146352416,982.80664
19670186354759,982.80176
19670226351530,982.8008
19670266380853,982.801
19670306349603,982.8076
19670346351218,982.802
19670386353093,982.8093
19670426350228,982.8047
19670466351739,982.801
19670506351114,982.79565
19670546351374,982.801
19670586356270,982.80444
19670626353614,982.7986
19670666351478,982.79834
19670706516999,982.79614
19670746349499,982.79834
19670786349343,982.7954
19670826354707,982.79224
19670866350541,982.79834
19670906364811,982.7949
19670946355801,982.7949
19670986352468,982.79736
19671026353561,982.791
19671066354916,982.78955
19671106351114,982.791
19671146352676,982.79614
19671186349968,982.7908
19671226354759,982.7893
19671266351999,982.7905
19671306350749,982.79517
19671346508301,982.79614
19671386349603,982.80054
19671426350489,982.80054
19671466354707,982.801
19671506348614,982.7993
19671546363197,982.7937
19671586349291,982.7927
19671626351895,982.7871
19671666355228,982.7886
19671706354186,982.78564
19671746352520,982.781
19671786349082,982.7822
19671826349655,982.78735
19671866353770,982.7864
19671906351374,982.79126
19671946349239,982.79346
19671986439447,982.7988
19672026349551,982.80005
19672066350593,982.7915
19672106353770,982.7927
19672146351218,982.7881
19672186368145,982.79834
19672226349082,982.79517
19672266350020,982.7971
19672306352103,982.79346
19672346349239,982.7964
19672386350853,982.7888
19672426351478,982.7837
19672466351634,982.7886
19672506352259,982.78467
19672546351999,982.7871
19672586350332,982.7888
19672626479291,982.7893
19672666349395,982.7893
19672706349811,982.7905
19672746353822,982.79517
19672786349291,982.7976
19672826351739,982.7991
19672866348405,982.7893
19672906350280,982.7842
19672946356530,982.7866
19672986351114,982.7925
19673026351322,982.79663
19673066351218,982.8037
19673106349968,982.7964
19673146354499,982.7932
19673186353041,982.79175
19673226352780,982.7954
19673266457624,982.7927
19673306349603,982.7886
19673346355801,982.7893
19673386346530,982.7854
19673426345801,982.7976
19673466346009,982.7998
19673506347780,982.7849
19673546345957,982.78296
19673586369655,982.78296
19673626345749,982.78906
19673666348353,982.79517
19673706462416,982.7947
19673746345436,982.79443
19673786349499,982.7898
19673826348353,982.7849
19673866346634,982.7864
19673906346478,982.7937
19673946345228,982.8008
19673986345280,982.7976
19674026345489,982.8025
19674066347155,982.79736
19674106346530,982.79565
19674146346061,982.79785
19674186345749,982.7998
19674226345749,982.801
19674266399551,982.7976
19674306347103,982.8003
19674346429134,982.7988
19674386345332,982.79614
19674426346114,982.7964
19674466513926,982.80396
19674506345280,982.7971
19674546453718,982.7942
19674586349291,982.8003
19674626352416,982.80273
19674666351218,982.80225
19674706350697,982.7986
19674746353249,982.7908
19674786350957,982.7893
19674826349707,982.79663
19674866352989,982.80225
19674906349603,982.80005
19674946351895,982.79614
19674986365541,982.8042
19675026349082,982.80273
19675066354082,982.8054
19675106350541,982.80396
19675146350697,982.802
19675186433978,982.8113
19675226349551,982.8115
19675266351999,982.80615
19675306353614,982.80615
19675346350384,982.8047
19675386351791,982.80664
19675426349395,982.8059
19675466348926,982.8003
19675506355905,982.7964
19675546351739,982.8008
19675586353353,982.7908
19675626353457,982.79126
19675666349030,982.78955
19675706349811,982.79395
19675746353509,982.79395
19675786350645,982.7937
19675826428614,982.7932
19675866349759,982.79956
19675906354707,982.7998
19675946353770,982.7969
19675986353041,982.7986
19676026349603,982.79565
19676066351686,982.8008
19676106350228,982.80054
19676146353874,982.7964
19676186353874,982.7993
19676226352416,982.802
19676266548093,982.7991
19676306350436,982.8015
19676346349082,982.7988
19676386348614,982.79517
19676426352051,982.7981
19676466415853,982.7949
19676506349811,982.78613
19676546350072,982.7825
19676586354030,982.7959
19676626350593,982.7954
19676666351739,982.78735
19676706348978,982.7888
19676746351114,982.78955
19676786356530,982.78784
19676826353822,982.79224
19676866351947,982.7898
19676906560072,982.7866
19676946349707,982.7866
19676986349186,982.7815
19677026349759,982.78076
19677066350801,982.7898
19677106357520,982.78735
19677146349968,982.78467
19677186349239,982.78467
19677226350697,982.7905
19677266351270,982.7866
19677306352468,982.78174
19677346349447,982.77856
19677386349603,982.7825
19677426353249,982.782
19677466353405,982.781
19677506353041,982.78613
19677546531843,982.7886
19677586349447,982.7832
19677626351374,982.7825
19677666353614,982.78296
19677706350541,982.78
19677746373978,982.7883
19677786353770,982.7947
19677826351739,982.78516
19677866354291,982.7783
19677906351009,982.7827
19677946352989,982.78345
19677986350020,982.7849
19678026349655,982.7915
19678066353978,982.7854
19678106354395,982.7864
19678146350124,982.79004
19678186530645,982.78906
19678226349395,982.7969
19678266353457,982.79224
19678306352884,982.8003
19678346350853,982.8037
19678386375436,982.801
19678426353561,982.7976
19678466350176,982.7915
19678506354447,982.792
19678546353926,982.79517
19678586350020,982.79565
19678626350020,982.7937
19678666349968,982.7893
19678706350436,982.78687
19678746351999,982.7842
19678786354551,982.7803
19678826520332,982.7754
19678866350228,982.77686
19678906350593,982.7827
19678946353405,982.7832
19678986351270,982.78906
19679026368614,982.78174
19679066349603,982.7893
19679106349707,982.79395
19679146353509,982.7937
19679186351634,982.79004
19679226352259,982.7908
19679266348353,982.7949
19679306350124,982.79614
19679346352051,982.79126
19679386354186,982.7886
19679426349447,982.79346
19679466444655,982.7881
19679506349655,982.78687
19679546350072,982.7871
19679586352207,982.79517
19679626350645,982.7942
19679666375749,982.79175
19679706349864,982.7969
19679746349030,982.7898
19679786352624,982.78613
19679826354343,982.7971
19679866352259,982.7988
19679906348614,982.79565
19679946349239,982.7937
19679986353249,982.79004
19680026349655,982.7888
19680066350957,982.7964
19680106503457,982.7988
19680146350228,982.79663
19680186353457,982.7949
19680226353666,982.7993
19680266349603,982.7903
19680306351166,982.7871
19680346349811,982.78516
19680386349551,982.7866
19680426351582,982.7903
19680466352728,982.7908
19680506349811,982.79004
19680546351895,982.78467
19680586349551,982.7854
19680626353093,982.77856
19680666353770,982.78394
19680706350853,982.781
19680746463301,982.7927
19680786349603,982.7871
19680826352416,982.7886
19680866351218,982.7832
19680906353822,982.7915
19680946351166,982.79565
19680986349707,982.7954
19681026348874,982.7903
19681066355124,982.7854
19681106358145,982.7849
19681146352832,982.79346
19681186350593,982.78125
19681226349343,982.7825
19681266353561,982.7737
19681306353301,982.7739
19681346352989,982.7766
19681386466739,982.7815
19681426349134,982.7876
19681466349291,982.7905
19681506353353,982.78735
19681546350957,982.78345
19681586350384,982.77954
19681626348614,982.7788
19681666353822,982.7871
19681706353666,982.77954
19681746350593,982.7842
19681786351478,982.78784
19681826352520,982.7837
19681866349655,982.78296
19681906351374,982.78174
19681946350905,982.78345
19681986353301,982.78345
19682026453978,982.7893
19682066349655,982.78955
19682106353822,982.7927
19682146351739,982.7959
19682186351530,982.7959
19682226354082,982.79224
19682266348561,982.7937
19682306352520,982.7969
19682346352468,982.7964
19682386353353,982.7976
19682426352936,982.79517
19682466352155,982.7866
19682506349395,982.7825
19682546350072,982.78784
19682586353093,982.78906
19682626350072,982.7937
19682666435489,982.80005
19682706349447,982.7927
19682746354447,982.7969
19682786353718,982.7969
19682826350905,982.7954
19682866352572,982.7915
19682906350436,982.7908
19682946351582,982.7864
19682986357311,982.7949
19683026351582,982.7954
19683066351947,982.7893
19683106352468,982.78735
19683146349343,982.7881
19683186351061,982.7903
19683226351218,982.78906
19683266352364,982.792
19683306434291,982.7883
19683346350020,982.781
19683386349811,982.7798
19683426353874,982.78784
19683466353041,982.79224
19683506351009,982.78613
19683546350384,982.7827
19683586350957,982.78613
19683626353509,982.78467
19683666352989,982.791
19683706351739,982.79297
19683746362416,982.7915
19683786350124,982.7893
19683826349811,982.7827
19683866352989,982.77954
19683906349239,982.78394
19683946425541,982.7859
19683986349968,982.78564
19684026356582,982.7932
19684066353822,982.7864
19684106350853,982.7959
19684146354655,982.7976
19684186354603,982.8054
19684226351634,982.7991
19684266351166,982.79126
19684306353822,982.78564
19684346352416,982.7793
19684386557832,982.7876
19684426348874,982.78784
19684466351895,982.79224
19684506357936,982.7864
19684546351426,982.78906
19684586358978,982.7949
19684626349186,982.80005
19684666351374,982.7915
19684706353041,982.79614
19684746353874,982.78906
19684786352624,982.792
19684826349916,982.79224
19684866349811,982.7925
19684906353561,982.79663
19684946355124,982.79834
19684986353874,982.80444
19685026549082,982.80005
19685066349447,982.7903
19685106353093,982.791
19685146353666,982.79517
19685186351634,982.79517
19685226394916,982.7908
19685266351895,982.7898
19685306351374,982.7886
19685346352051,982.7842
19685386351634,982.78564
19685426353509,982.78735
19685466351582,982.78
19685506349447,982.7854
19685546355749,982.7915
19685586352832,982.7859
19685626356322,982.7815
19685666535384,982.7717
19685706349968,982.7761
19685746352936,982.772
19685786355489,982.77686
19685826351634,982.7793
19685866388145,982.78296
19685906349707,982.7742
19685946351634,982.77783
19685986354499,982.7776
19686026351374,982.7803
19686066354864,982.7849
19686106352468,982.7815
19686146349343,982.782
19686186352936,982.78735
19686226348301,982.7888
19686266349759,982.7876
19686306551634,982.7832
19686346349707,982.78516
19686386349759,982.7908
19686426353718,982.7908
19686466350593,982.7942
19686506388353,982.80176
19686546349395,982.80225
19686586353718,982.79517
19686626355072,982.78076
19686666350905,982.78125
19686706354030,982.7888
19686746351843,982.7932
19686786353197,982.79395
19686826353561,982.7903
19686866353405,982.79517
19686906350228,982.78906
19686946469707,982.7903
19686986349811,982.79126
19687026351582,982.78735
19687066354030,982.78784
19687106352051,982.79443
19687146361061,982.79785
19687186349134,982.7959
19687226349291,982.7864
19687266352780,982.7908
19687306354134,982.79785
19687346350801,982.7969
19687386349864,982.7932
19687426349603,982.7942
19687466355020,982.7886
19687506353301,982.7866
19687546352155,982.7971
19687586492989,982.7905
19687626350020,982.79224
19687666350124,982.7959
19687706357259,982.7949
19687746349551,982.7959
19687786348614,982.79736
19687826350541,982.792
19687866354759,982.79395
19687906353093,982.7932
19687946350905,982.79565
19687986350384,982.79736
19688026352207,982.79395
19688066349864,982.7927
19688106353561,982.78906
19688146352884,982.79224
19688186350593,982.7893
19688226508197,982.79517
19688266349968,982.7905
19688306352416,982.7905
19688346353666,982.78906
19688386351739,982.79126
19688426352936,982.7959
19688466351739,982.7959
19688506355801,982.80225
19688546353926,982.803
19688586351114,982.80444
19688626351947,982.7925
19688666351322,982.78955
19688706348614,982.7988
19688746353405,982.7991
19688786354968,982.79443
19688826353041,982.79663
19688866462468,982.7881
19688906351166,982.78955
19688946348301,982.7871
19688986353822,982.7908
19689026351061,982.7898
19689066354655,982.78735
19689106348926,982.78516
19689146352989,982.7898
19689186352103,982.7942
19689226351634,982.7844
19689266351218,982.7905
19689306350436,982.78784
19689346352155,982.7832
19689386353457,982.7942
19689426351061,982.7947
19689466352364,982.79224
19689506460801,982.7905
19689546349759,982.7998
19689586352936,982.7986
19689626352624,982.79614
19689666351530,982.7969
19689706354134,982.7986
19689746454395,982.8015
19689786349707,982.8042
19689826354707,982.8047
19689866351530,982.8069
19689906353353,982.80444
19689946351947,982.80225
19689986350020,982.8025
19690026352676,982.7971
19690066350384,982.7883
19690106349811,982.78687
19690146463353,982.79224
19690186349499,982.8015
19690226349655,982.80054
19690266351739,982.7991
19690306348822,982.7993
19690346351114,982.8025
19690386349395,982.7986
19690426353770,982.79614
19690466353509,982.7876
19690506351322,982.7932
19690546351061,982.7883
19690586352259,982.78784
19690626351426,982.78516
19690666349864,982.7888
19690706350749,982.79297
19690746352936,982.79395
19690786429186,982.7888
19690826349239,982.782
19690866351634,982.781
19690906355228,982.78174
19690946351270,982.782
19690986352572,982.78296
19691026350801,982.7837
19691066349811,982.79297
19691106353718,982.79126
19691146353614,982.7947
19691186351895,982.79224
19691226576582,982.79785
19691266349447,982.7969
19691306350436,982.79614
19691346355072,982.7927
19691386351895,982.7927
19691426414916,982.79517
19691466349811,982.7886
19691506349030,982.7893
19691546353041,982.7908
19691586350905,982.78687
19691626351478,982.7898
19691666349551,982.7871
19691706351374,982.7915
19691746352207,982.7954
19691786353353,982.7959
19691826352936,982.7932
19691866556426,982.7883
19691906349707,982.7915
19691946349395,982.791
19691986353614,982.7993
19692026351634,982.80005
19692066353145,982.7959
19692106353197,982.79443
19692146349811,982.802
19692186354030,982.79224
19692226351061,982.7886
19692266351895,982.79224
19692306349030,982.7947
19692346349707,982.7925
19692386351270,982.79565
19692426350072,982.7925
19692466351530,982.7998
19692506514447,982.791
19692546348978,982.7927
19692586352624,982.79834
19692626353093,982.7937
19692666351999,982.7947
19692706393353,982.7949
19692746350020,982.8074
19692786353197,982.8025
19692826416166,982.7942
19692866351739,982.7898
19692906353509,982.7883
19692946350072,982.7883
19692986352936,982.7883
19693026354707,982.79175
19693066353770,982.7866
19693106351895,982.79004
19693146515176,982.7959
19693186349499,982.7932
19693226349811,982.7915
19693266353926,982.78345
19693306351322,982.77783
19693346391739,982.7788
19693386350176,982.7864
19693426351634,982.7925
19693466440541,982.78613
19693506355541,982.7937
19693546351843,982.7888
19693586349447,982.78076
19693626349447,982.7798
19693666461791,982.77734
19693706354291,982.78125
19693746354134,982.7766
19693786487624,982.7776
19693826350072,982.78613
19693866349134,982.7793
19693906353041,982.7825
19693946349968,982.7864
19693986368978,982.78735
19694026349864,982.79224
19694066351478,982.7971
19694106354811,982.79224
19694146350645,982.7927
19694186351478,982.79663
19694226351686,982.7883
19694266349030,982.78613
19694306354655,982.79224
19694346355020,982.7964
19694386350957,982.79565
19694426444707,982.7927
19694466349134,982.7937
19694506350072,982.7942
19694546353093,982.79443
19694586351791,982.7908
19694626356843,982.79297
19694666348561,982.79297
19694706384811,982.79175
19694746435436,982.80176
19694786354134,982.7932
19694826352832,982.7954
